                                        
                   ********************************** 
                   ******* F   A   H    T    S ****** 
                   ********************************** 



                      Version 6-8 / Release 22-05-01
                             U s f o s  A/S          

                        - Analysis initiated at -         
                        Date : 2026-05-17 12:36:10                                                     


                    ----------------------------------
                    --     Licenced to VysusGroup   --
                    --     Professional_Use         --
                    --     Expires : 2026-06-12     --
                    ----------------------------------

                The License covers following Options Levels:
                         
                        User Defined Fires:  High          
                        Pipe Line Pressure:  Off           
                        General FE        :  High          
                         
                         


     ----    C H E C K I N G    S H E L L -  E L E M E N T    A N G L E S  -----

        Minimum Corner Angle for shell  elem   :    10.000


        ----------------------------------
        .... Checking Shell Elements      
        ----------------------------------

        Checking of shell  elements completed. 
        Smallest Angle Found                   :    30.81584
1


      ======   A N A L Y S I S    P A R A M E T E R S   ======

                                                                                
                                                                                
                                                                                


               Number of nodal points                 =  1040
               Number of elements           (Total)   =  2056
               Number of Beam     elements  (2 node)  =  1644
               Number of Membrane elements  (4 node)  =     0
               Number of Shell    elements  (4 node)  =   408
               Number of Shell    elements  (3 node)  =     4
               Number of materials, (incl spring cha) =    12
               Number of cross sections               =    19
               Number of local element coord. systems =     7
               Number of eccentricity vectors         =   766

               Number of thermal property definitions =    12
               Number of inside member property def.  =     1
               Number of insulation properties        =     0
               Number of time history definitions     =     0

               Number of nodal points in temp-model   = 95989
               Total number of generated temp-elements= 86178
               Number of 4 noded temp-elements        = 84276
               Number of "inside-member" elements     =  1902
               Number of elem in X-direction of beams =     2
               Number of elem in arc-direct. of tubes =     8
               Number of elem in 1-2 direct. of membr.=     1
               Number of elem in 1-4 direct. of membr.=     1
               First *BELTEMP* loadcase number        =     4

               Internal radiation, (SHAPEFACT-option) :   Off
               Restart switch                         :   Off
               Create RAF file for Xact               :   On 
               GLView results                         :   Off
               Cryogenic Temperatures                 :   Off

               Total simulation time                  :       15.00
               Number of time steps                   :         300
               Number of time iterations (max)        :           0
               Time between *BELTEMP* data storage    :        1.00
               Initial temperature of the structure   :       20.00
               Minimum Accepted Temperature           :     -273.00
               Maximum Accepted Temperature           :     3000.00
               Total Surface of the Structure  [m2]   :     3310.51
               Surface with PFP applied        [m2]   :        0.00
               PFP Area relative to Total      [% ]   :        0.00



     ------    A L L O C A T E D    D A T A    S P A C E    ------

                                                       
                                                       

               Total  available         400 Mill 
               Used                     207 Mill 



     -----     N O D A L    P O I N T    D A T A     -----

     Node number      X              Y              Z            Boundary  
      ( ext )                                                      temp    

          1     335.700010     487.750000      68.625000
          2     336.234010     487.049990      68.625000
          3     336.768010     486.350010      68.625000
          4     337.302000     485.649990      68.625000
          5     337.836000     484.950010      68.625000
          6     338.370000     484.250000      68.625000
          7     335.700010     494.049990      68.625000
          8     336.234010     493.429990      68.625000
          9     336.768010     492.810000      68.625000
         10     337.302000     492.190000      68.625000
         11     337.836000     491.570010      68.625000
         12     338.370000     490.950010      68.625000
         13     338.370000     494.049990      68.625000
         14     337.924990     494.791660      68.625000
         15     337.480010     495.533320      68.625000
         16     337.035000     496.274990      68.625000
         17     336.590000     497.016660      68.625000
         18     336.144990     497.758330      68.625000
         19     335.700010     498.500000      68.625000
         20     339.095700     494.685700      68.625000
         21     339.821440     495.321440      68.625000
         22     340.547150     495.957150      68.625000
         23     341.272860     496.592870      68.625000
         24     341.998570     497.228580      68.625000
         25     342.724270     497.864290      68.625000
         26     343.450010     498.500000      68.625000
         27     338.370000     484.933320      68.625000
         28     338.370000     485.616670      68.625000
         29     338.370000     486.299990      68.625000
         30     338.370000     487.024990      68.625000
         31     338.370000     487.750000      68.625000
         32     338.370000     491.725010      68.625000
         33     338.370000     492.500000      68.625000
         34     338.370000     493.274990      68.625000
         35     338.370000     488.549990      68.625000
         36     338.370000     489.350010      68.625000
         37     338.370000     490.149990      68.625000
         38     339.950010     484.107510      54.625000
         39     340.825010     484.107510      54.625000
         40     341.700010     484.107510      54.625000
         41     342.575010     484.107510      54.625000
         42     343.450010     484.107510      54.625000
         43     339.950010     485.892490      54.625000
         44     340.825010     485.892490      54.625000
         45     341.700010     485.892490      54.625000
         46     342.575010     485.892490      54.625000
         47     343.450010     485.892490      54.625000
         48     339.950010     489.607510      54.625000
         49     340.825010     489.607510      54.625000
         50     341.700010     489.607510      54.625000
         51     342.575010     489.607510      54.625000
         52     343.450010     489.607510      54.625000
         53     339.950010     491.392490      54.625000
         54     340.825010     491.392490      54.625000
         55     341.700010     491.392490      54.625000
         56     342.575010     491.392490      54.625000
         57     343.450010     491.392490      54.625000
         58     339.950010     483.250000      54.625000
         59     339.950010     485.000000      54.625000
         60     339.950010     486.821260      54.625000
         61     339.950010     487.750000      54.625000
         62     339.950010     488.678740      54.625000
         63     339.950010     490.500000      54.625000
         64     339.950010     492.250000      54.625000
         65     340.700010     479.799990      61.625000
         66     341.528500     479.799990      61.625000
         67     340.700010     495.700010      61.625000
         68     341.528500     495.700010      61.625000
         69     340.700010     482.730010      61.625000
         70     340.075010     483.357510      61.625000
         71     339.450010     483.984990      61.625000
         72     338.825010     484.612490      61.625000
         73     338.200010     485.239990      61.625000
         74     337.575010     485.867490      61.625000
         75     336.950010     486.494990      61.625000
         76     336.325010     487.122500      61.625000
         77     335.700010     487.750000      61.625000
         78     335.700010     498.500000      61.625000
         79     336.325010     497.783750      61.625000
         80     336.950010     497.067510      61.625000
         81     337.575010     496.351260      61.625000
         82     338.200010     495.635010      61.625000
         83     338.825010     494.918760      61.625000
         84     339.450010     494.202520      61.625000
         85     340.075010     493.486240      61.625000
         86     340.700010     492.769990      61.625000
         87     340.700010     483.566680      61.625000
         88     340.700010     484.403320      61.625000
         89     340.700010     485.239990      61.625000
         90     340.700010     486.076660      61.625000
         91     340.700010     486.913330      61.625000
         92     340.700010     487.750000      61.625000
         93     340.700010     477.000000      61.625000
         94     340.700010     477.933320      61.625000
         95     340.700010     478.866670      61.625000
         96     340.700010     480.776670      61.625000
         97     340.700010     481.753330      61.625000
         98     340.700010     493.746670      61.625000
         99     340.700010     494.723330      61.625000
        100     340.700010     496.633330      61.625000
        101     340.700010     497.566680      61.625000
        102     340.700010     498.500000      61.625000
        103     340.700010     488.586670      61.625000
        104     340.700010     489.423340      61.625000
        105     340.700010     490.260010      61.625000
        106     340.700010     491.096680      61.625000
        107     340.700010     491.933320      61.625000
        108     341.200010     480.799990      68.625000
        109     340.634000     481.489990      68.625000
        110     340.067990     482.179990      68.625000
        111     339.502010     482.869990      68.625000
        112     338.936010     483.560000      68.625000
        113     341.200010     484.250000      68.625000
        114     340.634000     484.950010      68.625000
        115     340.067990     485.649990      68.625000
        116     339.502010     486.350010      68.625000
        117     338.936010     487.049990      68.625000
        118     341.649990     481.489990      68.625000
        119     342.100010     482.179990      68.625000
        120     342.549990     482.869990      68.625000
        121     343.000000     483.560000      68.625000
        122     343.450010     484.250000      68.625000
        123     341.200010     478.600010      68.625000
        124     341.950010     478.600010      68.625000
        125     342.700010     478.600010      68.625000
        126     343.450010     478.600010      68.625000
        127     341.200010     481.662510      68.625000
        128     341.200010     482.524990      68.625000
        129     341.200010     483.387510      68.625000
        130     341.200010     477.000000      68.625000
        131     341.200010     477.799990      68.625000
        132     341.200010     479.333340      68.625000
        133     341.200010     480.066680      68.625000
        134     335.700010     480.799990      68.625000
        135     336.234010     481.489990      68.625000
        136     336.768010     482.179990      68.625000
        137     337.302000     482.869990      68.625000
        138     337.836000     483.560000      68.625000
        139     335.700010     486.299990      68.625000
        140     336.590000     486.299990      68.625000
        141     337.480010     486.299990      68.625000
        142     336.234010     488.390010      68.625000
        143     336.768010     489.030000      68.625000
        144     337.302000     489.670010      68.625000
        145     337.836000     490.310000      68.625000
        146     335.700010     492.500000      68.625000
        147     336.590000     492.500000      68.625000
        148     337.480010     492.500000      68.625000
        149     336.325010     488.377500      61.625000
        150     336.950010     489.005010      61.625000
        151     337.575010     489.632510      61.625000
        152     338.200010     490.260010      61.625000
        153     338.825010     490.887510      61.625000
        154     339.450010     491.515010      61.625000
        155     340.075010     492.142490      61.625000
        156     336.616670     480.799990      68.625000
        157     337.533320     480.799990      68.625000
        158     338.450010     480.799990      68.625000
        159     339.366670     480.799990      68.625000
        160     340.283330     480.799990      68.625000
        161     341.950010     480.799990      68.625000
        162     342.700010     480.799990      68.625000
        163     343.450010     480.799990      68.625000
        164     335.700010     484.250000      68.625000
        165     336.590000     484.250000      68.625000
        166     337.480010     484.250000      68.625000
        167     339.313320     484.250000      68.625000
        168     340.256650     484.250000      68.625000
        169     341.950010     484.250000      68.625000
        170     342.700010     484.250000      68.625000
        171     335.700010     477.000000      54.625000
        172     336.506740     477.000000      54.625000
        173     337.313510     477.000000      54.625000
        174     338.120240     477.000000      54.625000
        175     338.927000     477.000000      54.625000
        176     339.831600     477.000000      54.625000
        177     340.736210     477.000000      54.625000
        178     341.640810     477.000000      54.625000
        179     342.545410     477.000000      54.625000
        180     343.450010     477.000000      54.625000
        181     335.700010     477.000000      61.625000
        182     336.534390     477.000000      61.625000
        183     337.368810     477.000000      61.625000
        184     338.203190     477.000000      61.625000
        185     339.037600     477.000000      61.625000
        186     339.872010     477.000000      61.625000
        187     341.528500     477.000000      61.625000
        188     342.489260     477.000000      61.625000
        189     343.450010     477.000000      61.625000
        190     335.700010     477.000000      68.625000
        191     336.616670     477.000000      68.625000
        192     337.533320     477.000000      68.625000
        193     338.450010     477.000000      68.625000
        194     339.366670     477.000000      68.625000
        195     340.283330     477.000000      68.625000
        196     341.950010     477.000000      68.625000
        197     342.700010     477.000000      68.625000
        198     343.450010     477.000000      68.625000
        199     335.700010     490.950010      68.625000
        200     336.590000     490.950010      68.625000
        201     337.480010     490.950010      68.625000
        202     339.216670     490.950010      68.625000
        203     340.063320     490.950010      68.625000
        204     340.910000     490.950010      68.625000
        205     341.756650     490.950010      68.625000
        206     342.603330     490.950010      68.625000
        207     343.450010     490.950010      68.625000
        208     336.590000     494.049990      68.625000
        209     337.480010     494.049990      68.625000
        210     339.216670     494.049990      68.625000
        211     340.063320     494.049990      68.625000
        212     340.910000     494.049990      68.625000
        213     341.756650     494.049990      68.625000
        214     342.603330     494.049990      68.625000
        215     343.450010     494.049990      68.625000
        216     335.700010     487.750000      54.625000
        217     336.549990     487.750000      54.625000
        218     337.399990     487.750000      54.625000
        219     338.250000     487.750000      54.625000
        220     339.100010     487.750000      54.625000
        221     340.825010     487.750000      54.625000
        222     341.700010     487.750000      54.625000
        223     342.575010     487.750000      54.625000
        224     343.450010     487.750000      54.625000
        225     336.700010     487.750000      61.625000
        226     337.700010     487.750000      61.625000
        227     338.700010     487.750000      61.625000
        228     339.700010     487.750000      61.625000
        229     341.616670     487.750000      61.625000
        230     342.533320     487.750000      61.625000
        231     343.450010     487.750000      61.625000
        232     336.590000     487.750000      68.625000
        233     337.480010     487.750000      68.625000
        234     339.216670     487.750000      68.625000
        235     340.063320     487.750000      68.625000
        236     340.910000     487.750000      68.625000
        237     341.756650     487.750000      68.625000
        238     342.603330     487.750000      68.625000
        239     343.450010     487.750000      68.625000
        240     335.700010     498.500000      54.625000
        241     336.506740     498.500000      54.625000
        242     337.313510     498.500000      54.625000
        243     338.120240     498.500000      54.625000
        244     338.927000     498.500000      54.625000
        245     339.831600     498.500000      54.625000
        246     340.736210     498.500000      54.625000
        247     341.640810     498.500000      54.625000
        248     342.545410     498.500000      54.625000
        249     343.450010     498.500000      54.625000
        250     336.534390     498.500000      61.625000
        251     337.368810     498.500000      61.625000
        252     338.203190     498.500000      61.625000
        253     339.037600     498.500000      61.625000
        254     339.872010     498.500000      61.625000
        255     341.528500     498.500000      61.625000
        256     342.489260     498.500000      61.625000
        257     343.450010     498.500000      61.625000
        258     336.668760     498.500000      68.625000
        259     337.637510     498.500000      68.625000
        260     338.606260     498.500000      68.625000
        261     339.575010     498.500000      68.625000
        262     340.543760     498.500000      68.625000
        263     341.512510     498.500000      68.625000
        264     342.481260     498.500000      68.625000
        265     335.700010     480.000000      54.625000
        266     336.506740     480.000000      54.625000
        267     337.313510     480.000000      54.625000
        268     338.120240     480.000000      54.625000
        269     338.927000     480.000000      54.625000
        270     339.831600     480.000000      54.625000
        271     340.736210     480.000000      54.625000
        272     341.640810     480.000000      54.625000
        273     342.545410     480.000000      54.625000
        274     343.450010     480.000000      54.625000
        275     344.418760     480.000000      54.625000
        276     345.387510     480.000000      54.625000
        277     346.356260     480.000000      54.625000
        278     347.325010     480.000000      54.625000
        279     348.293760     480.000000      54.625000
        280     349.262510     480.000000      54.625000
        281     350.231260     480.000000      54.625000
        282     351.200010     480.000000      54.625000
        283     335.700010     482.730010      61.625000
        284     336.534390     482.730010      61.625000
        285     337.368810     482.730010      61.625000
        286     338.203190     482.730010      61.625000
        287     339.037600     482.730010      61.625000
        288     339.872010     482.730010      61.625000
        289     341.528500     482.730010      61.625000
        290     342.462800     482.730010      61.625000
        291     343.397090     482.730010      61.625000
        292     344.331390     482.730010      61.625000
        293     345.265690     482.730010      61.625000
        294     346.200010     482.730010      61.625000
        295     347.200010     482.730010      61.625000
        296     348.200010     482.730010      61.625000
        297     349.200010     482.730010      61.625000
        298     350.200010     482.730010      61.625000
        299     351.200010     482.730010      61.625000
        300     335.700010     483.250000      54.625000
        301     336.506740     483.250000      54.625000
        302     337.313510     483.250000      54.625000
        303     338.120240     483.250000      54.625000
        304     338.927000     483.250000      54.625000
        305     339.438510     483.250000      54.625000
        306     340.825010     483.250000      54.625000
        307     341.700010     483.250000      54.625000
        308     342.575010     483.250000      54.625000
        309     343.450010     483.250000      54.625000
        310     344.433320     483.250000      54.625000
        311     345.416660     483.250000      54.625000
        312     346.399990     483.250000      54.625000
        313     347.359980     483.250000      54.625000
        314     348.320010     483.250000      54.625000
        315     349.280000     483.250000      54.625000
        316     350.239990     483.250000      54.625000
        317     351.200010     483.250000      54.625000
        318     335.700010     492.250000      54.625000
        319     336.506740     492.250000      54.625000
        320     337.313510     492.250000      54.625000
        321     338.120240     492.250000      54.625000
        322     338.927000     492.250000      54.625000
        323     339.438510     492.250000      54.625000
        324     340.825010     492.250000      54.625000
        325     341.700010     492.250000      54.625000
        326     342.575010     492.250000      54.625000
        327     343.450010     492.250000      54.625000
        328     344.433320     492.250000      54.625000
        329     345.416660     492.250000      54.625000
        330     346.399990     492.250000      54.625000
        331     347.359980     492.250000      54.625000
        332     348.320010     492.250000      54.625000
        333     349.280000     492.250000      54.625000
        334     350.239990     492.250000      54.625000
        335     351.200010     492.250000      54.625000
        336     335.700010     492.769990      61.625000
        337     336.534390     492.769990      61.625000
        338     337.368810     492.769990      61.625000
        339     338.203190     492.769990      61.625000
        340     339.037600     492.769990      61.625000
        341     339.872010     492.769990      61.625000
        342     341.528500     492.769990      61.625000
        343     342.462800     492.769990      61.625000
        344     343.397090     492.769990      61.625000
        345     344.331390     492.769990      61.625000
        346     345.265690     492.769990      61.625000
        347     346.200010     492.769990      61.625000
        348     347.200010     492.769990      61.625000
        349     348.200010     492.769990      61.625000
        350     349.200010     492.769990      61.625000
        351     350.200010     492.769990      61.625000
        352     351.200010     492.769990      61.625000
        353     335.700010     495.500000      54.625000
        354     336.506740     495.500000      54.625000
        355     337.313510     495.500000      54.625000
        356     338.120240     495.500000      54.625000
        357     338.927000     495.500000      54.625000
        358     339.831600     495.500000      54.625000
        359     340.736210     495.500000      54.625000
        360     341.640810     495.500000      54.625000
        361     342.545410     495.500000      54.625000
        362     343.450010     495.500000      54.625000
        363     344.418760     495.500000      54.625000
        364     345.387510     495.500000      54.625000
        365     346.356260     495.500000      54.625000
        366     347.325010     495.500000      54.625000
        367     348.293760     495.500000      54.625000
        368     349.262510     495.500000      54.625000
        369     350.231260     495.500000      54.625000
        370     351.200010     495.500000      54.625000
        371     338.927000     480.812500      54.625000
        372     338.927000     481.625000      54.625000
        373     338.927000     482.437500      54.625000
        374     338.927000     478.000000      54.625000
        375     338.927000     479.000000      54.625000
        376     338.927000     493.062500      54.625000
        377     338.927000     493.875000      54.625000
        378     338.927000     494.687500      54.625000
        379     338.927000     496.500000      54.625000
        380     338.927000     497.500000      54.625000
        381     339.872010     479.799990      61.625000
        382     339.872010     495.700010      61.625000
        383     339.872010     477.933320      61.625000
        384     339.872010     478.866670      61.625000
        385     339.872010     480.776670      61.625000
        386     339.872010     481.753330      61.625000
        387     339.872010     493.746670      61.625000
        388     339.872010     494.723330      61.625000
        389     339.872010     496.633330      61.625000
        390     339.872010     497.566680      61.625000
        391     341.528500     477.933320      61.625000
        392     341.528500     478.866670      61.625000
        393     341.528500     480.776670      61.625000
        394     341.528500     481.753330      61.625000
        395     341.528500     493.746670      61.625000
        396     341.528500     494.723330      61.625000
        397     341.528500     496.633330      61.625000
        398     341.528500     497.566680      61.625000
        399     335.700010     482.375000      61.625000
        400     335.700010     478.000000      54.625000
        401     335.700010     479.000000      54.625000
        402     335.700010     480.812500      54.625000
        403     335.700010     481.625000      54.625000
        404     335.700010     482.437500      54.625000
        405     335.700010     484.149990      54.625000
        406     335.700010     485.049990      54.625000
        407     335.700010     485.950010      54.625000
        408     335.700010     486.850010      54.625000
        409     335.700010     477.895840      61.625000
        410     335.700010     478.791660      61.625000
        411     335.700010     479.687500      61.625000
        412     335.700010     480.583340      61.625000
        413     335.700010     481.479160      61.625000
        414     335.700010     483.566680      61.625000
        415     335.700010     484.403320      61.625000
        416     335.700010     485.239990      61.625000
        417     335.700010     486.076660      61.625000
        418     335.700010     486.913330      61.625000
        419     335.700010     477.950010      68.625000
        420     335.700010     478.899990      68.625000
        421     335.700010     479.850010      68.625000
        422     335.700010     481.662510      68.625000
        423     335.700010     482.524990      68.625000
        424     335.700010     483.387510      68.625000
        425     335.700010     484.933320      68.625000
        426     335.700010     485.616670      68.625000
        427     335.700010     487.024990      68.625000
        428     335.700010     493.125000      61.625000
        429     335.700010     488.649990      54.625000
        430     335.700010     489.549990      54.625000
        431     335.700010     490.450010      54.625000
        432     335.700010     491.350010      54.625000
        433     335.700010     493.062500      54.625000
        434     335.700010     493.875000      54.625000
        435     335.700010     494.687500      54.625000
        436     335.700010     496.500000      54.625000
        437     335.700010     497.500000      54.625000
        438     335.700010     488.586670      61.625000
        439     335.700010     489.423340      61.625000
        440     335.700010     490.260010      61.625000
        441     335.700010     491.096680      61.625000
        442     335.700010     491.933320      61.625000
        443     335.700010     494.020840      61.625000
        444     335.700010     494.916660      61.625000
        445     335.700010     495.812500      61.625000
        446     335.700010     496.708340      61.625000
        447     335.700010     497.604160      61.625000
        448     335.700010     488.549990      68.625000
        449     335.700010     489.350010      68.625000
        450     335.700010     490.149990      68.625000
        451     335.700010     491.725010      68.625000
        452     335.700010     493.274990      68.625000
        453     335.700010     494.940000      68.625000
        454     335.700010     495.829990      68.625000
        455     335.700010     496.720000      68.625000
        456     335.700010     497.609980      68.625000
        457     346.200010     480.799990      68.625000
        458     346.665990     481.489990      68.625000
        459     347.131990     482.179990      68.625000
        460     347.597990     482.869990      68.625000
        461     348.063990     483.560000      68.625000
        462     348.530000     484.250000      68.625000
        463     346.200010     484.250000      68.625000
        464     346.665990     484.950010      68.625000
        465     347.131990     485.649990      68.625000
        466     347.597990     486.350010      68.625000
        467     348.063990     487.049990      68.625000
        468     348.530000     487.750000      68.625000
        469     345.649990     481.489990      68.625000
        470     345.100010     482.179990      68.625000
        471     344.549990     482.869990      68.625000
        472     344.000000     483.560000      68.625000
        473     346.825010     483.357510      61.625000
        474     347.450010     483.984990      61.625000
        475     348.075010     484.612490      61.625000
        476     348.700010     485.239990      61.625000
        477     349.325010     485.867490      61.625000
        478     349.950010     486.494990      61.625000
        479     350.575010     487.122500      61.625000
        480     351.200010     487.750000      61.625000
        481     346.825010     493.486240      61.625000
        482     347.450010     494.202520      61.625000
        483     348.075010     494.918760      61.625000
        484     348.700010     495.635010      61.625000
        485     349.325010     496.351260      61.625000
        486     349.950010     497.067510      61.625000
        487     350.575010     497.783750      61.625000
        488     351.200010     498.500000      61.625000
        489     346.200010     481.662510      68.625000
        490     346.200010     482.524990      68.625000
        491     346.200010     483.387510      68.625000
        492     346.200010     483.566680      61.625000
        493     346.200010     484.403320      61.625000
        494     346.200010     485.239990      61.625000
        495     346.200010     486.076660      61.625000
        496     346.200010     486.913330      61.625000
        497     346.200010     487.750000      61.625000
        498     346.200010     477.000000      68.625000
        499     346.200010     477.799990      68.625000
        500     346.200010     478.600010      68.625000
        501     346.200010     479.333340      68.625000
        502     346.200010     480.066680      68.625000
        503     346.200010     477.000000      61.625000
        504     346.200010     477.954990      61.625000
        505     346.200010     478.910000      61.625000
        506     346.200010     479.864990      61.625000
        507     346.200010     480.820010      61.625000
        508     346.200010     481.774990      61.625000
        509     346.200010     493.725010      61.625000
        510     346.200010     494.679990      61.625000
        511     346.200010     495.635010      61.625000
        512     346.200010     496.590000      61.625000
        513     346.200010     497.545010      61.625000
        514     346.200010     498.500000      61.625000
        515     346.200010     488.586670      61.625000
        516     346.200010     489.423340      61.625000
        517     346.200010     490.260010      61.625000
        518     346.200010     491.096680      61.625000
        519     346.200010     491.933320      61.625000
        520     346.399990     484.149990      54.625000
        521     346.399990     485.049990      54.625000
        522     346.399990     485.950010      54.625000
        523     346.399990     486.850010      54.625000
        524     346.399990     487.750000      54.625000
        525     346.399990     488.649990      54.625000
        526     346.399990     489.549990      54.625000
        527     346.399990     490.450010      54.625000
        528     346.399990     491.350010      54.625000
        529     348.530000     494.049990      68.625000
        530     347.804290     494.685700      68.625000
        531     347.078580     495.321440      68.625000
        532     346.352840     495.957150      68.625000
        533     345.627140     496.592870      68.625000
        534     344.901430     497.228580      68.625000
        535     344.175720     497.864290      68.625000
        536     349.063990     484.950010      68.625000
        537     349.597990     485.649990      68.625000
        538     350.131990     486.350010      68.625000
        539     350.665990     487.049990      68.625000
        540     351.200010     487.750000      68.625000
        541     348.530000     486.299990      68.625000
        542     349.420010     486.299990      68.625000
        543     350.310000     486.299990      68.625000
        544     351.200010     486.299990      68.625000
        545     348.530000     490.950010      68.625000
        546     349.063990     491.570010      68.625000
        547     349.597990     492.190000      68.625000
        548     350.131990     492.810000      68.625000
        549     350.665990     493.429990      68.625000
        550     351.200010     494.049990      68.625000
        551     348.975010     494.791660      68.625000
        552     349.420010     495.533320      68.625000
        553     349.864990     496.274990      68.625000
        554     350.310000     497.016660      68.625000
        555     350.755000     497.758330      68.625000
        556     351.200010     498.500000      68.625000
        557     348.530000     492.500000      68.625000
        558     349.420010     492.500000      68.625000
        559     350.310000     492.500000      68.625000
        560     351.200010     492.500000      68.625000
        561     348.530000     484.933320      68.625000
        562     348.530000     485.616670      68.625000
        563     348.530000     487.024990      68.625000
        564     348.530000     491.725010      68.625000
        565     348.530000     493.274990      68.625000
        566     348.530000     488.549990      68.625000
        567     348.530000     489.350010      68.625000
        568     348.530000     490.149990      68.625000
        569     342.887510     479.149990      68.625000
        570     342.325010     479.700010      68.625000
        571     341.762510     480.250000      68.625000
        572     344.137510     479.149990      68.625000
        573     344.825010     479.700010      68.625000
        574     345.512510     480.250000      68.625000
        575     344.366670     478.600010      68.625000
        576     345.283320     478.600010      68.625000
        577     344.366670     480.799990      68.625000
        578     345.283320     480.799990      68.625000
        579     347.200010     480.799990      68.625000
        580     348.200010     480.799990      68.625000
        581     349.200010     480.799990      68.625000
        582     350.200010     480.799990      68.625000
        583     351.200010     480.799990      68.625000
        584     344.366670     484.250000      68.625000
        585     345.283320     484.250000      68.625000
        586     346.976650     484.250000      68.625000
        587     347.753330     484.250000      68.625000
        588     349.420010     484.250000      68.625000
        589     350.310000     484.250000      68.625000
        590     351.200010     484.250000      68.625000
        591     344.418760     477.000000      54.625000
        592     345.387510     477.000000      54.625000
        593     346.356260     477.000000      54.625000
        594     347.325010     477.000000      54.625000
        595     348.293760     477.000000      54.625000
        596     349.262510     477.000000      54.625000
        597     350.231260     477.000000      54.625000
        598     351.200010     477.000000      54.625000
        599     351.200010     477.000000      61.625000
        600     344.366670     477.000000      61.625000
        601     345.283320     477.000000      61.625000
        602     347.200010     477.000000      61.625000
        603     348.200010     477.000000      61.625000
        604     349.200010     477.000000      61.625000
        605     350.200010     477.000000      61.625000
        606     351.200010     477.000000      68.625000
        607     344.366670     477.000000      68.625000
        608     345.283320     477.000000      68.625000
        609     347.200010     477.000000      68.625000
        610     348.200010     477.000000      68.625000
        611     349.200010     477.000000      68.625000
        612     350.200010     477.000000      68.625000
        613     344.296660     490.950010      68.625000
        614     345.143340     490.950010      68.625000
        615     345.989990     490.950010      68.625000
        616     346.836670     490.950010      68.625000
        617     347.683320     490.950010      68.625000
        618     349.420010     490.950010      68.625000
        619     350.310000     490.950010      68.625000
        620     351.200010     490.950010      68.625000
        621     344.296660     494.049990      68.625000
        622     345.143340     494.049990      68.625000
        623     345.989990     494.049990      68.625000
        624     346.836670     494.049990      68.625000
        625     347.683320     494.049990      68.625000
        626     349.420010     494.049990      68.625000
        627     350.310000     494.049990      68.625000
        628     344.433320     487.750000      54.625000
        629     345.416660     487.750000      54.625000
        630     347.359980     487.750000      54.625000
        631     348.320010     487.750000      54.625000
        632     349.280000     487.750000      54.625000
        633     350.239990     487.750000      54.625000
        634     351.200010     487.750000      54.625000
        635     344.366670     487.750000      61.625000
        636     345.283320     487.750000      61.625000
        637     347.200010     487.750000      61.625000
        638     348.200010     487.750000      61.625000
        639     349.200010     487.750000      61.625000
        640     350.200010     487.750000      61.625000
        641     344.296660     487.750000      68.625000
        642     345.143340     487.750000      68.625000
        643     345.989990     487.750000      68.625000
        644     346.836670     487.750000      68.625000
        645     347.683320     487.750000      68.625000
        646     349.420010     487.750000      68.625000
        647     350.310000     487.750000      68.625000
        648     344.418760     498.500000      54.625000
        649     345.387510     498.500000      54.625000
        650     346.356260     498.500000      54.625000
        651     347.325010     498.500000      54.625000
        652     348.293760     498.500000      54.625000
        653     349.262510     498.500000      54.625000
        654     350.231260     498.500000      54.625000
        655     351.200010     498.500000      54.625000
        656     344.366670     498.500000      61.625000
        657     345.283320     498.500000      61.625000
        658     347.200010     498.500000      61.625000
        659     348.200010     498.500000      61.625000
        660     349.200010     498.500000      61.625000
        661     350.200010     498.500000      61.625000
        662     344.418760     498.500000      68.625000
        663     345.387510     498.500000      68.625000
        664     346.356260     498.500000      68.625000
        665     347.325010     498.500000      68.625000
        666     348.293760     498.500000      68.625000
        667     349.262510     498.500000      68.625000
        668     350.231260     498.500000      68.625000
        669     343.450010     480.812500      54.625000
        670     343.450010     481.625000      54.625000
        671     343.450010     482.437500      54.625000
        672     343.450010     485.000000      54.625000
        673     343.450010     486.821260      54.625000
        674     343.450010     478.000000      54.625000
        675     343.450010     479.000000      54.625000
        676     343.450010     477.799990      68.625000
        677     343.450010     479.333340      68.625000
        678     343.450010     480.066680      68.625000
        679     343.450010     481.662510      68.625000
        680     343.450010     482.524990      68.625000
        681     343.450010     483.387510      68.625000
        682     343.450010     485.125000      68.625000
        683     343.450010     486.000000      68.625000
        684     343.450010     486.875000      68.625000
        685     343.450010     493.062500      54.625000
        686     343.450010     493.875000      54.625000
        687     343.450010     494.687500      54.625000
        688     343.450010     496.500000      54.625000
        689     343.450010     497.500000      54.625000
        690     343.450010     488.678740      54.625000
        691     343.450010     490.500000      54.625000
        692     343.450010     488.549990      68.625000
        693     343.450010     489.350010      68.625000
        694     343.450010     490.149990      68.625000
        695     343.450010     491.725010      68.625000
        696     343.450010     492.500000      68.625000
        697     343.450010     493.274990      68.625000
        698     343.450010     494.940000      68.625000
        699     343.450010     495.829990      68.625000
        700     343.450010     496.720000      68.625000
        701     343.450010     497.609980      68.625000
        702     350.485720     477.542850      68.625000
        703     349.771420     478.085720      68.625000
        704     349.057130     478.628570      68.625000
        705     348.342870     479.171420      68.625000
        706     347.628570     479.714290      68.625000
        707     346.914280     480.257140      68.625000
        708     350.575010     477.716250      61.625000
        709     349.950010     478.432500      61.625000
        710     349.325010     479.148740      61.625000
        711     348.700010     479.864990      61.625000
        712     348.075010     480.581240      61.625000
        713     347.450010     481.297480      61.625000
        714     346.825010     482.013760      61.625000
        715     350.575010     488.377500      61.625000
        716     349.950010     489.005010      61.625000
        717     349.325010     489.632510      61.625000
        718     348.700010     490.260010      61.625000
        719     348.075010     490.887510      61.625000
        720     347.450010     491.515010      61.625000
        721     346.825010     492.142490      61.625000
        722     350.665990     481.489990      68.625000
        723     350.131990     482.179990      68.625000
        724     349.597990     482.869990      68.625000
        725     349.063990     483.560000      68.625000
        726     350.665990     488.390010      68.625000
        727     350.131990     489.030000      68.625000
        728     349.597990     489.670010      68.625000
        729     349.063990     490.310000      68.625000
        730     351.200010     482.375000      61.625000
        731     351.200010     478.000000      54.625000
        732     351.200010     479.000000      54.625000
        733     351.200010     480.812500      54.625000
        734     351.200010     481.625000      54.625000
        735     351.200010     482.437500      54.625000
        736     351.200010     484.149990      54.625000
        737     351.200010     485.049990      54.625000
        738     351.200010     485.950010      54.625000
        739     351.200010     486.850010      54.625000
        740     351.200010     477.895840      61.625000
        741     351.200010     478.791660      61.625000
        742     351.200010     479.687500      61.625000
        743     351.200010     480.583340      61.625000
        744     351.200010     481.479160      61.625000
        745     351.200010     483.566680      61.625000
        746     351.200010     484.403320      61.625000
        747     351.200010     485.239990      61.625000
        748     351.200010     486.076660      61.625000
        749     351.200010     486.913330      61.625000
        750     351.200010     477.950010      68.625000
        751     351.200010     478.899990      68.625000
        752     351.200010     479.850010      68.625000
        753     351.200010     481.662510      68.625000
        754     351.200010     482.524990      68.625000
        755     351.200010     483.387510      68.625000
        756     351.200010     484.933320      68.625000
        757     351.200010     485.616670      68.625000
        758     351.200010     487.024990      68.625000
        759     351.200010     493.125000      61.625000
        760     351.200010     488.649990      54.625000
        761     351.200010     489.549990      54.625000
        762     351.200010     490.450010      54.625000
        763     351.200010     491.350010      54.625000
        764     351.200010     493.062500      54.625000
        765     351.200010     493.875000      54.625000
        766     351.200010     494.687500      54.625000
        767     351.200010     496.500000      54.625000
        768     351.200010     497.500000      54.625000
        769     351.200010     488.586670      61.625000
        770     351.200010     489.423340      61.625000
        771     351.200010     490.260010      61.625000
        772     351.200010     491.096680      61.625000
        773     351.200010     491.933320      61.625000
        774     351.200010     494.020840      61.625000
        775     351.200010     494.916660      61.625000
        776     351.200010     495.812500      61.625000
        777     351.200010     496.708340      61.625000
        778     351.200010     497.604160      61.625000
        779     351.200010     488.549990      68.625000
        780     351.200010     489.350010      68.625000
        781     351.200010     490.149990      68.625000
        782     351.200010     491.725010      68.625000
        783     351.200010     493.274990      68.625000
        784     351.200010     494.940000      68.625000
        785     351.200010     495.829990      68.625000
        786     351.200010     496.720000      68.625000
        787     351.200010     497.609980      68.625000
        788     335.700010     477.000000      54.000000
        789     351.200010     477.000000      54.000000
        790     335.700010     498.500000      54.000000
        791     351.200010     498.500000      54.000000
        792     336.506740     479.000000      54.625000
        793     336.506740     478.000000      54.625000
        794     337.313510     479.000000      54.625000
        795     337.313510     478.000000      54.625000
        796     338.120240     479.000000      54.625000
        797     338.120240     478.000000      54.625000
        798     336.506740     482.437500      54.625000
        799     336.506740     481.625000      54.625000
        800     336.506740     480.812500      54.625000
        801     337.313510     482.437500      54.625000
        802     337.313510     481.625000      54.625000
        803     337.313510     480.812500      54.625000
        804     338.120240     482.437500      54.625000
        805     338.120240     481.625000      54.625000
        806     338.120240     480.812500      54.625000
        807     336.506740     494.687500      54.625000
        808     336.506740     493.875000      54.625000
        809     336.506740     493.062500      54.625000
        810     337.313510     494.687500      54.625000
        811     337.313510     493.875000      54.625000
        812     337.313510     493.062500      54.625000
        813     338.120240     494.687500      54.625000
        814     338.120240     493.875000      54.625000
        815     338.120240     493.062500      54.625000
        816     336.506740     497.500000      54.625000
        817     336.506740     496.500000      54.625000
        818     337.313510     497.500000      54.625000
        819     337.313510     496.500000      54.625000
        820     338.120240     497.500000      54.625000
        821     338.120240     496.500000      54.625000
        822     336.800570     484.146670      54.625000
        823     337.752470     484.142790      54.625000
        824     338.617520     484.136480      54.625000
        825     339.297270     484.125890      54.625000
        826     336.692840     485.045260      54.625000
        827     337.607030     485.039890      54.625000
        828     338.462830     485.032010      54.625000
        829     339.217960     485.019620      54.625000
        830     336.627380     485.946010      54.625000
        831     337.514310     485.939730      54.625000
        832     338.366120     485.930210      54.625000
        833     339.165590     485.915740      54.625000
        834     336.584040     486.846860      54.625000
        835     337.450740     486.843600      54.625000
        836     338.301060     486.839720      54.625000
        837     339.129090     486.832860      54.625000
        838     339.114320     491.374110      54.625000
        839     338.225590     491.363530      54.625000
        840     337.370450     491.357210      54.625000
        841     336.531770     491.353330      54.625000
        842     339.105250     490.480380      54.625000
        843     338.236600     490.467990      54.625000
        844     337.383640     490.460110      54.625000
        845     336.539700     490.454740      54.625000
        846     339.101530     489.584260      54.625000
        847     338.242830     489.569790      54.625000
        848     337.391480     489.560270      54.625000
        849     336.544680     489.553990      54.625000
        850     339.100220     488.667140      54.625000
        851     338.246830     488.660280      54.625000
        852     337.396390     488.656400      54.625000
        853     336.547820     488.653140      54.625000
        854     339.831600     479.000000      54.625000
        855     339.831600     478.000000      54.625000
        856     340.736210     479.000000      54.625000
        857     340.736210     478.000000      54.625000
        858     341.640810     479.000000      54.625000
        859     341.640810     478.000000      54.625000
        860     342.545410     479.000000      54.625000
        861     342.545410     478.000000      54.625000
        862     342.266970     482.437500      54.625000
        863     341.244350     482.437500      54.625000
        864     340.315550     482.437470      54.625000
        865     339.607300     482.437500      54.625000
        866     342.394530     481.625000      54.625000
        867     341.421510     481.625000      54.625000
        868     340.508330     481.625030      54.625000
        869     339.706330     481.624970      54.625000
        870     342.480070     480.812500      54.625000
        871     341.544710     480.812500      54.625000
        872     340.637510     480.812470      54.625000
        873     339.775390     480.812500      54.625000
        874     339.789220     493.062500      54.625000
        875     340.736360     493.062500      54.625000
        876     341.652770     493.062530      54.625000
        877     342.554720     493.062500      54.625000
        878     339.811980     493.875000      54.625000
        879     340.735500     493.875000      54.625000
        880     341.645970     493.874970      54.625000
        881     342.549350     493.875030      54.625000
        882     339.823420     494.687500      54.625000
        883     340.735660     494.687500      54.625000
        884     341.642880     494.687530      54.625000
        885     342.546690     494.687500      54.625000
        886     339.831600     497.500000      54.625000
        887     339.831600     496.500000      54.625000
        888     340.736210     497.500000      54.625000
        889     340.736210     496.500000      54.625000
        890     341.640810     497.500000      54.625000
        891     341.640810     496.500000      54.625000
        892     342.545410     497.500000      54.625000
        893     342.545410     496.500000      54.625000
        894     340.825010     485.000000      54.625000
        895     341.700010     485.000000      54.625000
        896     342.575010     485.000000      54.625000
        897     340.825010     486.821260      54.625000
        898     341.700010     486.821260      54.625000
        899     342.575010     486.821260      54.625000
        900     340.825010     488.678740      54.625000
        901     341.700010     488.678740      54.625000
        902     342.575010     488.678740      54.625000
        903     340.825010     490.500000      54.625000
        904     341.700010     490.500000      54.625000
        905     342.575010     490.500000      54.625000
        906     344.433320     484.127530      54.625000
        907     345.416660     484.139620      54.625000
        908     344.433320     485.022610      54.625000
        909     345.416660     485.037020      54.625000
        910     344.433320     485.919650      54.625000
        911     345.416660     485.935850      54.625000
        912     344.433320     486.833740      54.625000
        913     345.416660     486.842130      54.625000
        914     344.433320     488.666260      54.625000
        915     345.416660     488.657870      54.625000
        916     344.433320     489.580350      54.625000
        917     345.416660     489.564150      54.625000
        918     344.433320     490.477390      54.625000
        919     345.416660     490.462980      54.625000
        920     344.433320     491.372470      54.625000
        921     345.416660     491.360380      54.625000
        922     344.418760     479.000000      54.625000
        923     344.418760     478.000000      54.625000
        924     345.387510     479.000000      54.625000
        925     345.387510     478.000000      54.625000
        926     346.356260     479.000000      54.625000
        927     346.356260     478.000000      54.625000
        928     347.325010     479.000000      54.625000
        929     347.325010     478.000000      54.625000
        930     348.293760     479.000000      54.625000
        931     348.293760     478.000000      54.625000
        932     349.262510     479.000000      54.625000
        933     349.262510     478.000000      54.625000
        934     350.231260     479.000000      54.625000
        935     350.231260     478.000000      54.625000
        936     344.430630     482.436890      54.625000
        937     344.426940     481.623870      54.625000
        938     344.423280     480.811460      54.625000
        939     345.405640     482.436920      54.625000
        940     345.397640     481.623990      54.625000
        941     345.392640     480.811890      54.625000
        942     346.383090     482.437380      54.625000
        943     346.370360     481.625580      54.625000
        944     346.361850     480.813290      54.625000
        945     347.346070     482.437680      54.625000
        946     347.337280     481.626190      54.625000
        947     347.330750     480.814120      54.625000
        948     348.312380     482.437410      54.625000
        949     348.305330     481.625520      54.625000
        950     348.298250     480.813350      54.625000
        951     349.275270     482.436860      54.625000
        952     349.272120     481.624080      54.625000
        953     349.267360     480.811830      54.625000
        954     350.239470     482.436920      54.625000
        955     350.238160     481.623840      54.625000
        956     350.234740     480.811490      54.625000
        957     344.423250     494.688510      54.625000
        958     344.426970     493.876160      54.625000
        959     344.430600     493.063080      54.625000
        960     345.392670     494.688170      54.625000
        961     345.397580     493.875920      54.625000
        962     345.405700     493.063140      54.625000
        963     346.361790     494.686650      54.625000
        964     346.370450     493.874480      54.625000
        965     346.382970     493.062590      54.625000
        966     347.330810     494.685910      54.625000
        967     347.337100     493.873780      54.625000
        968     347.346190     493.062350      54.625000
        969     348.298160     494.686680      54.625000
        970     348.305510     493.874450      54.625000
        971     348.312230     493.062620      54.625000
        972     349.267490     494.688140      54.625000
        973     349.271970     493.875980      54.625000
        974     349.275420     493.063110      54.625000
        975     350.234680     494.688540      54.625000
        976     350.238280     493.876130      54.625000
        977     350.239410     493.063080      54.625000
        978     344.418760     497.500000      54.625000
        979     344.418760     496.500000      54.625000
        980     345.387510     497.500000      54.625000
        981     345.387510     496.500000      54.625000
        982     346.356260     497.500000      54.625000
        983     346.356260     496.500000      54.625000
        984     347.325010     497.500000      54.625000
        985     347.325010     496.500000      54.625000
        986     348.293760     497.500000      54.625000
        987     348.293760     496.500000      54.625000
        988     349.262510     497.500000      54.625000
        989     349.262510     496.500000      54.625000
        990     350.231260     497.500000      54.625000
        991     350.231260     496.500000      54.625000
        992     347.358730     486.850010      54.625000
        993     347.360870     485.949980      54.625000
        994     347.360870     485.050020      54.625000
        995     347.358730     484.149960      54.625000
        996     348.319210     486.849980      54.625000
        997     348.320500     485.950010      54.625000
        998     348.320500     485.049960      54.625000
        999     348.319180     484.150020      54.625000
       1000     349.280790     486.850010      54.625000
       1001     349.279480     485.949980      54.625000
       1002     349.279420     485.050050      54.625000
       1003     349.280790     484.149960      54.625000
       1004     350.241270     486.850010      54.625000
       1005     350.239070     485.950010      54.625000
       1006     350.239140     485.049990      54.625000
       1007     350.241240     484.150020      54.625000
       1008     347.358730     491.350010      54.625000
       1009     347.360870     490.450010      54.625000
       1010     347.360870     489.549990      54.625000
       1011     347.358730     488.649990      54.625000
       1012     348.319210     491.350010      54.625000
       1013     348.320500     490.450010      54.625000
       1014     348.320500     489.549990      54.625000
       1015     348.319180     488.649990      54.625000
       1016     349.280790     491.350010      54.625000
       1017     349.279480     490.449980      54.625000
       1018     349.279420     489.550020      54.625000
       1019     349.280790     488.649990      54.625000
       1020     350.241270     491.349980      54.625000
       1021     350.239070     490.450010      54.625000
       1022     350.239140     489.549990      54.625000
       1023     350.241240     488.649990      54.625000
       1024     344.007110     487.909610      54.207000
       1025     344.007110     487.909610      61.207000
       1026     344.007110     487.909610      68.207010
       1027     343.700010     480.799990      71.860000
       1028     342.549990     490.899990      70.850000
       1029     343.700010     478.600010      71.860000
       1030     344.350010     490.899990      70.850000
       1031     340.700010     493.250000      62.700000
       1032     341.459620     489.876500      63.106310
       1033     340.700010     485.649990      62.700000
       1034     340.700010     482.250000      62.700000
       1035     343.899990     490.500000      57.850000
       1036     337.200010     489.399990      71.950000
       1037     344.000000     485.000000      57.850000
       1038     349.700010     489.399990      71.950000
       1039     339.399990     495.500000      57.500000
       1040     339.399990     480.000000      57.500000



     -----     E L E M E N T     D A T A     -----


      Element no   Thermal    Inside   Insulation
       ( ext )      data       data       data   
          1           4         -1                      Exposed from       0
          2           4         -1                      Exposed from       0
          3           4         -1                      Exposed from       0
          4           4         -1                      Exposed from       0
          5           4         -1                      Exposed from       0
          6           4         -1                      Exposed from       0
          7           4         -1                      Exposed from       0
          8           4         -1                      Exposed from       0
          9           4         -1                      Exposed from       0
         10           4         -1                      Exposed from       0
         11           4         -1                      Exposed from       0
         12           4         -1                      Exposed from       0
         13           4         -1                      Exposed from       0
         14           4         -1                      Exposed from       0
         15           4         -1                      Exposed from       0
         16           4         -1                      Exposed from       0
         17           4         -1                      Exposed from       0
         18           4         -1                      Exposed from       0
         19           4         -1                      Exposed from       0
         20           4         -1                      Exposed from       0
         21           4         -1                      Exposed from       0
         22           4         -1                      Exposed from       0
         23           4         -1                      Exposed from       0
         24           3         -1                      Exposed from       0
         25           3         -1                      Exposed from       0
         26           3         -1                      Exposed from       0
         27           3         -1                      Exposed from       0
         28           3         -1                      Exposed from       0
         29           3         -1                      Exposed from       0
         30           3         -1                      Exposed from       0
         31           3         -1                      Exposed from       0
         32           3         -1                      Exposed from       0
         33           3         -1                      Exposed from       0
         34           3         -1                      Exposed from       0
         35           3         -1                      Exposed from       0
         36           3         -1                      Exposed from       0
         37           2         -1                      Exposed from       0
         38           2         -1                      Exposed from       0
         39           2         -1                      Exposed from       0
         40           2         -1                      Exposed from       0
         41           2         -1                      Exposed from       0
         42           2         -1                      Exposed from       0
         43           2         -1                      Exposed from       0
         44           2         -1                      Exposed from       0
         45           2         -1                      Exposed from       0
         46           2         -1                      Exposed from       0
         47           2         -1                      Exposed from       0
         48           2         -1                      Exposed from       0
         49           2         -1                      Exposed from       0
         50           2         -1                      Exposed from       0
         51           2         -1                      Exposed from       0
         52           2         -1                      Exposed from       0
         53           3         -1                      Exposed from       0
         54           3         -1                      Exposed from       0
         55           3         -1                      Exposed from       0
         56           3         -1                      Exposed from       0
         57           3         -1                      Exposed from       0
         58           3         -1                      Exposed from       0
         59           3         -1                      Exposed from       0
         60           3         -1                      Exposed from       0
         61           3         -1                      Exposed from       0
         62           3         -1                      Exposed from       0
         63           4         -1                      Exposed from       0
         64           4         -1                      Exposed from       0
         65           4         -1                      Exposed from       0
         66           4         -1                      Exposed from       0
         67           4         -1                      Exposed from       0
         68           4         -1                      Exposed from       0
         69           4         -1                      Exposed from       0
         70           4         -1                      Exposed from       0
         71           4         -1                      Exposed from       0
         72           4         -1                      Exposed from       0
         73           4         -1                      Exposed from       0
         74           4         -1                      Exposed from       0
         75           4         -1                      Exposed from       0
         76           4         -1                      Exposed from       0
         77           4         -1                      Exposed from       0
         78           4         -1                      Exposed from       0
         79           4         -1                      Exposed from       0
         80           4         -1                      Exposed from       0
         81           3         -1                      Exposed from       0
         82           3         -1                      Exposed from       0
         83           3         -1                      Exposed from       0
         84           3         -1                      Exposed from       0
         85           3         -1                      Exposed from       0
         86           3         -1                      Exposed from       0
         87           3         -1                      Exposed from       0
         88           3         -1                      Exposed from       0
         89           3         -1                      Exposed from       0
         90           3         -1                      Exposed from       0
         91           3         -1                      Exposed from       0
         92           3         -1                      Exposed from       0
         93           3         -1                      Exposed from       0
         94           3         -1                      Exposed from       0
         95           3         -1                      Exposed from       0
         96           3         -1                      Exposed from       0
         97           3         -1                      Exposed from       0
         98           3         -1                      Exposed from       0
         99           3         -1                      Exposed from       0
        100           3         -1                      Exposed from       0
        101           3         -1                      Exposed from       0
        102           3         -1                      Exposed from       0
        103           3         -1                      Exposed from       0
        104           3         -1                      Exposed from       0
        105           4         -1                      Exposed from       0
        106           4         -1                      Exposed from       0
        107           4         -1                      Exposed from       0
        108           4         -1                      Exposed from       0
        109           4         -1                      Exposed from       0
        110           4         -1                      Exposed from       0
        111           4         -1                      Exposed from       0
        112           4         -1                      Exposed from       0
        113           4         -1                      Exposed from       0
        114           4         -1                      Exposed from       0
        115           4         -1                      Exposed from       0
        116           4         -1                      Exposed from       0
        117           4         -1                      Exposed from       0
        118           4         -1                      Exposed from       0
        119           4         -1                      Exposed from       0
        120           3         -1                      Exposed from       0
        121           3         -1                      Exposed from       0
        122           3         -1                      Exposed from       0
        123           3         -1                      Exposed from       0
        124           3         -1                      Exposed from       0
        125           3         -1                      Exposed from       0
        126           3         -1                      Exposed from       0
        127           3         -1                      Exposed from       0
        128           3         -1                      Exposed from       0
        129           3         -1                      Exposed from       0
        130           3         -1                      Exposed from       0
        131           3         -1                      Exposed from       0
        132           4         -1                      Exposed from       0
        133           4         -1                      Exposed from       0
        134           4         -1                      Exposed from       0
        135           4         -1                      Exposed from       0
        136           4         -1                      Exposed from       0
        137           2         -1                      Exposed from       0
        138           2         -1                      Exposed from       0
        139           2         -1                      Exposed from       0
        140           4         -1                      Exposed from       0
        141           4         -1                      Exposed from       0
        142           4         -1                      Exposed from       0
        143           4         -1                      Exposed from       0
        144           4         -1                      Exposed from       0
        145           2         -1                      Exposed from       0
        146           2         -1                      Exposed from       0
        147           2         -1                      Exposed from       0
        148           4         -1                      Exposed from       0
        149           4         -1                      Exposed from       0
        150           4         -1                      Exposed from       0
        151           4         -1                      Exposed from       0
        152           4         -1                      Exposed from       0
        153           4         -1                      Exposed from       0
        154           4         -1                      Exposed from       0
        155           4         -1                      Exposed from       0
        156           3         -1                      Exposed from       0
        157           3         -1                      Exposed from       0
        158           3         -1                      Exposed from       0
        159           3         -1                      Exposed from       0
        160           3         -1                      Exposed from       0
        161           3         -1                      Exposed from       0
        162           3         -1                      Exposed from       0
        163           3         -1                      Exposed from       0
        164           3         -1                      Exposed from       0
        165           3         -1                      Exposed from       0
        166           3         -1                      Exposed from       0
        167           3         -1                      Exposed from       0
        168           3         -1                      Exposed from       0
        169           3         -1                      Exposed from       0
        170           3         -1                      Exposed from       0
        171           3         -1                      Exposed from       0
        172           3         -1                      Exposed from       0
        173           3         -1                      Exposed from       0
        174           3         -1                      Exposed from       0
        175           3         -1                      Exposed from       0
        176           3         -1                      Exposed from       0
        177           3         -1                      Exposed from       0
        178           3         -1                      Exposed from       0
        179           3         -1                      Exposed from       0
        180           3         -1                      Exposed from       0
        181           3         -1                      Exposed from       0
        182           3         -1                      Exposed from       0
        183           3         -1                      Exposed from       0
        184           3         -1                      Exposed from       0
        185           3         -1                      Exposed from       0
        186           3         -1                      Exposed from       0
        187           3         -1                      Exposed from       0
        188           3         -1                      Exposed from       0
        189           3         -1                      Exposed from       0
        190           3         -1                      Exposed from       0
        191           3         -1                      Exposed from       0
        192           3         -1                      Exposed from       0
        193           3         -1                      Exposed from       0
        194           3         -1                      Exposed from       0
        195           3         -1                      Exposed from       0
        196           3         -1                      Exposed from       0
        197           3         -1                      Exposed from       0
        198           3         -1                      Exposed from       0
        199           3         -1                      Exposed from       0
        200           3         -1                      Exposed from       0
        201           3         -1                      Exposed from       0
        202           3         -1                      Exposed from       0
        203           3         -1                      Exposed from       0
        204           3         -1                      Exposed from       0
        205           3         -1                      Exposed from       0
        206           3         -1                      Exposed from       0
        207           3         -1                      Exposed from       0
        208           3         -1                      Exposed from       0
        209           3         -1                      Exposed from       0
        210           3         -1                      Exposed from       0
        211           3         -1                      Exposed from       0
        212           3         -1                      Exposed from       0
        213           3         -1                      Exposed from       0
        214           3         -1                      Exposed from       0
        215           3         -1                      Exposed from       0
        216           3         -1                      Exposed from       0
        217           3         -1                      Exposed from       0
        218           3         -1                      Exposed from       0
        219           3         -1                      Exposed from       0
        220           3         -1                      Exposed from       0
        221           3         -1                      Exposed from       0
        222           3         -1                      Exposed from       0
        223           3         -1                      Exposed from       0
        224           3         -1                      Exposed from       0
        225           3         -1                      Exposed from       0
        226           3         -1                      Exposed from       0
        227           3         -1                      Exposed from       0
        228           3         -1                      Exposed from       0
        229           3         -1                      Exposed from       0
        230           3         -1                      Exposed from       0
        231           3         -1                      Exposed from       0
        232           3         -1                      Exposed from       0
        233           3         -1                      Exposed from       0
        234           3         -1                      Exposed from       0
        235           3         -1                      Exposed from       0
        236           3         -1                      Exposed from       0
        237           3         -1                      Exposed from       0
        238           3         -1                      Exposed from       0
        239           3         -1                      Exposed from       0
        240           3         -1                      Exposed from       0
        241           3         -1                      Exposed from       0
        242           3         -1                      Exposed from       0
        243           3         -1                      Exposed from       0
        244           3         -1                      Exposed from       0
        245           3         -1                      Exposed from       0
        246           3         -1                      Exposed from       0
        247           3         -1                      Exposed from       0
        248           3         -1                      Exposed from       0
        249           3         -1                      Exposed from       0
        250           3         -1                      Exposed from       0
        251           3         -1                      Exposed from       0
        252           3         -1                      Exposed from       0
        253           3         -1                      Exposed from       0
        254           3         -1                      Exposed from       0
        255           3         -1                      Exposed from       0
        256           3         -1                      Exposed from       0
        257           3         -1                      Exposed from       0
        258           3         -1                      Exposed from       0
        259           3         -1                      Exposed from       0
        260           3         -1                      Exposed from       0
        261           3         -1                      Exposed from       0
        262           3         -1                      Exposed from       0
        263           3         -1                      Exposed from       0
        264           3         -1                      Exposed from       0
        265           3         -1                      Exposed from       0
        266           3         -1                      Exposed from       0
        267           3         -1                      Exposed from       0
        268           3         -1                      Exposed from       0
        269           3         -1                      Exposed from       0
        270           3         -1                      Exposed from       0
        271           3         -1                      Exposed from       0
        272           3         -1                      Exposed from       0
        273           3         -1                      Exposed from       0
        274           3         -1                      Exposed from       0
        275           3         -1                      Exposed from       0
        276           3         -1                      Exposed from       0
        277           3         -1                      Exposed from       0
        278           3         -1                      Exposed from       0
        279           3         -1                      Exposed from       0
        280           3         -1                      Exposed from       0
        281           3         -1                      Exposed from       0
        282           3         -1                      Exposed from       0
        283           3         -1                      Exposed from       0
        284           3         -1                      Exposed from       0
        285           3         -1                      Exposed from       0
        286           3         -1                      Exposed from       0
        287           3         -1                      Exposed from       0
        288           3         -1                      Exposed from       0
        289           3         -1                      Exposed from       0
        290           3         -1                      Exposed from       0
        291           3         -1                      Exposed from       0
        292           3         -1                      Exposed from       0
        293           3         -1                      Exposed from       0
        294           3         -1                      Exposed from       0
        295           3         -1                      Exposed from       0
        296           3         -1                      Exposed from       0
        297           3         -1                      Exposed from       0
        298           3         -1                      Exposed from       0
        299           3         -1                      Exposed from       0
        300           3         -1                      Exposed from       0
        301           3         -1                      Exposed from       0
        302           3         -1                      Exposed from       0
        303           3         -1                      Exposed from       0
        304           3         -1                      Exposed from       0
        305           3         -1                      Exposed from       0
        306           3         -1                      Exposed from       0
        307           3         -1                      Exposed from       0
        308           3         -1                      Exposed from       0
        309           3         -1                      Exposed from       0
        310           3         -1                      Exposed from       0
        311           3         -1                      Exposed from       0
        312           3         -1                      Exposed from       0
        313           3         -1                      Exposed from       0
        314           3         -1                      Exposed from       0
        315           3         -1                      Exposed from       0
        316           3         -1                      Exposed from       0
        317           3         -1                      Exposed from       0
        318           3         -1                      Exposed from       0
        319           3         -1                      Exposed from       0
        320           3         -1                      Exposed from       0
        321           3         -1                      Exposed from       0
        322           3         -1                      Exposed from       0
        323           3         -1                      Exposed from       0
        324           3         -1                      Exposed from       0
        325           3         -1                      Exposed from       0
        326           3         -1                      Exposed from       0
        327           3         -1                      Exposed from       0
        328           3         -1                      Exposed from       0
        329           3         -1                      Exposed from       0
        330           3         -1                      Exposed from       0
        331           3         -1                      Exposed from       0
        332           3         -1                      Exposed from       0
        333           3         -1                      Exposed from       0
        334           3         -1                      Exposed from       0
        335           3         -1                      Exposed from       0
        336           3         -1                      Exposed from       0
        337           3         -1                      Exposed from       0
        338           3         -1                      Exposed from       0
        339           3         -1                      Exposed from       0
        340           3         -1                      Exposed from       0
        341           3         -1                      Exposed from       0
        342           3         -1                      Exposed from       0
        343           3         -1                      Exposed from       0
        344           3         -1                      Exposed from       0
        345           3         -1                      Exposed from       0
        346           3         -1                      Exposed from       0
        347           3         -1                      Exposed from       0
        348           3         -1                      Exposed from       0
        349           3         -1                      Exposed from       0
        350           3         -1                      Exposed from       0
        351           3         -1                      Exposed from       0
        352           3         -1                      Exposed from       0
        353           3         -1                      Exposed from       0
        354           3         -1                      Exposed from       0
        355           3         -1                      Exposed from       0
        356           3         -1                      Exposed from       0
        357           3         -1                      Exposed from       0
        358           3         -1                      Exposed from       0
        359           3         -1                      Exposed from       0
        360           3         -1                      Exposed from       0
        361           3         -1                      Exposed from       0
        362           3         -1                      Exposed from       0
        363           3         -1                      Exposed from       0
        364           3         -1                      Exposed from       0
        365           3         -1                      Exposed from       0
        366           3         -1                      Exposed from       0
        367           3         -1                      Exposed from       0
        368           3         -1                      Exposed from       0
        369           3         -1                      Exposed from       0
        370           3         -1                      Exposed from       0
        371           3         -1                      Exposed from       0
        372           3         -1                      Exposed from       0
        373           3         -1                      Exposed from       0
        374           3         -1                      Exposed from       0
        375           4         -1                      Exposed from       0
        376           4         -1                      Exposed from       0
        377           4         -1                      Exposed from       0
        378           4         -1                      Exposed from       0
        379           4         -1                      Exposed from       0
        380           4         -1                      Exposed from       0
        381           4         -1                      Exposed from       0
        382           4         -1                      Exposed from       0
        383           4         -1                      Exposed from       0
        384           4         -1                      Exposed from       0
        385           4         -1                      Exposed from       0
        386           4         -1                      Exposed from       0
        387           4         -1                      Exposed from       0
        388           4         -1                      Exposed from       0
        389           4         -1                      Exposed from       0
        390           4         -1                      Exposed from       0
        391           4         -1                      Exposed from       0
        392           4         -1                      Exposed from       0
        393           4         -1                      Exposed from       0
        394           4         -1                      Exposed from       0
        395           4         -1                      Exposed from       0
        396           4         -1                      Exposed from       0
        397           4         -1                      Exposed from       0
        398           4         -1                      Exposed from       0
        399           4         -1                      Exposed from       0
        400           4         -1                      Exposed from       0
        401           4         -1                      Exposed from       0
        402           4         -1                      Exposed from       0
        403           4         -1                      Exposed from       0
        404           4         -1                      Exposed from       0
        405           4         -1                      Exposed from       0
        406           4         -1                      Exposed from       0
        407           4         -1                      Exposed from       0
        408           4         -1                      Exposed from       0
        409           4         -1                      Exposed from       0
        410           4         -1                      Exposed from       0
        411           4         -1                      Exposed from       0
        412           4         -1                      Exposed from       0
        413           4         -1                      Exposed from       0
        414           4         -1                      Exposed from       0
        415           4         -1                      Exposed from       0
        416           4         -1                      Exposed from       0
        417           2         -1                      Exposed from       0
        418           3         -1                      Exposed from       0
        419           3         -1                      Exposed from       0
        420           3         -1                      Exposed from       0
        421           3         -1                      Exposed from       0
        422           3         -1                      Exposed from       0
        423           3         -1                      Exposed from       0
        424           3         -1                      Exposed from       0
        425           3         -1                      Exposed from       0
        426           3         -1                      Exposed from       0
        427           3         -1                      Exposed from       0
        428           3         -1                      Exposed from       0
        429           3         -1                      Exposed from       0
        430           3         -1                      Exposed from       0
        431           3         -1                      Exposed from       0
        432           3         -1                      Exposed from       0
        433           3         -1                      Exposed from       0
        434           3         -1                      Exposed from       0
        435           3         -1                      Exposed from       0
        436           3         -1                      Exposed from       0
        437           3         -1                      Exposed from       0
        438           3         -1                      Exposed from       0
        439           3         -1                      Exposed from       0
        440           3         -1                      Exposed from       0
        441           3         -1                      Exposed from       0
        442           3         -1                      Exposed from       0
        443           3         -1                      Exposed from       0
        444           3         -1                      Exposed from       0
        445           3         -1                      Exposed from       0
        446           3         -1                      Exposed from       0
        447           3         -1                      Exposed from       0
        448           3         -1                      Exposed from       0
        449           3         -1                      Exposed from       0
        450           3         -1                      Exposed from       0
        451           3         -1                      Exposed from       0
        452           3         -1                      Exposed from       0
        453           3         -1                      Exposed from       0
        454           3         -1                      Exposed from       0
        455           3         -1                      Exposed from       0
        456           2         -1                      Exposed from       0
        457           2         -1                      Exposed from       0
        458           4         -1                      Exposed from       0
        459           4         -1                      Exposed from       0
        460           2         -1                      Exposed from       0
        461           2         -1                      Exposed from       0
        462           3         -1                      Exposed from       0
        463           3         -1                      Exposed from       0
        464           3         -1                      Exposed from       0
        465           3         -1                      Exposed from       0
        466           3         -1                      Exposed from       0
        467           3         -1                      Exposed from       0
        468           3         -1                      Exposed from       0
        469           3         -1                      Exposed from       0
        470           3         -1                      Exposed from       0
        471           3         -1                      Exposed from       0
        472           3         -1                      Exposed from       0
        473           3         -1                      Exposed from       0
        474           3         -1                      Exposed from       0
        475           3         -1                      Exposed from       0
        476           3         -1                      Exposed from       0
        477           3         -1                      Exposed from       0
        478           3         -1                      Exposed from       0
        479           3         -1                      Exposed from       0
        480           3         -1                      Exposed from       0
        481           3         -1                      Exposed from       0
        482           3         -1                      Exposed from       0
        483           3         -1                      Exposed from       0
        484           3         -1                      Exposed from       0
        485           3         -1                      Exposed from       0
        486           3         -1                      Exposed from       0
        487           3         -1                      Exposed from       0
        488           3         -1                      Exposed from       0
        489           3         -1                      Exposed from       0
        490           3         -1                      Exposed from       0
        491           3         -1                      Exposed from       0
        492           3         -1                      Exposed from       0
        493           3         -1                      Exposed from       0
        494           3         -1                      Exposed from       0
        495           3         -1                      Exposed from       0
        496           3         -1                      Exposed from       0
        497           3         -1                      Exposed from       0
        498           3         -1                      Exposed from       0
        499           3         -1                      Exposed from       0
        500           2         -1                      Exposed from       0
        501           2         -1                      Exposed from       0
        502           2         -1                      Exposed from       0
        503           2         -1                      Exposed from       0
        504           2         -1                      Exposed from       0
        505           4         -1                      Exposed from       0
        506           4         -1                      Exposed from       0
        507           4         -1                      Exposed from       0
        508           4         -1                      Exposed from       0
        509           4         -1                      Exposed from       0
        510           4         -1                      Exposed from       0
        511           4         -1                      Exposed from       0
        512           4         -1                      Exposed from       0
        513           4         -1                      Exposed from       0
        514           4         -1                      Exposed from       0
        515           4         -1                      Exposed from       0
        516           4         -1                      Exposed from       0
        517           4         -1                      Exposed from       0
        518           4         -1                      Exposed from       0
        519           4         -1                      Exposed from       0
        520           4         -1                      Exposed from       0
        521           4         -1                      Exposed from       0
        522           4         -1                      Exposed from       0
        523           4         -1                      Exposed from       0
        524           4         -1                      Exposed from       0
        525           4         -1                      Exposed from       0
        526           4         -1                      Exposed from       0
        527           4         -1                      Exposed from       0
        528           4         -1                      Exposed from       0
        529           4         -1                      Exposed from       0
        530           4         -1                      Exposed from       0
        531           4         -1                      Exposed from       0
        532           4         -1                      Exposed from       0
        533           4         -1                      Exposed from       0
        534           4         -1                      Exposed from       0
        535           4         -1                      Exposed from       0
        536           3         -1                      Exposed from       0
        537           3         -1                      Exposed from       0
        538           3         -1                      Exposed from       0
        539           3         -1                      Exposed from       0
        540           3         -1                      Exposed from       0
        541           3         -1                      Exposed from       0
        542           3         -1                      Exposed from       0
        543           3         -1                      Exposed from       0
        544           3         -1                      Exposed from       0
        545           3         -1                      Exposed from       0
        546           3         -1                      Exposed from       0
        547           3         -1                      Exposed from       0
        548           3         -1                      Exposed from       0
        549           3         -1                      Exposed from       0
        550           3         -1                      Exposed from       0
        551           3         -1                      Exposed from       0
        552           3         -1                      Exposed from       0
        553           3         -1                      Exposed from       0
        554           3         -1                      Exposed from       0
        555           3         -1                      Exposed from       0
        556           3         -1                      Exposed from       0
        557           3         -1                      Exposed from       0
        558           3         -1                      Exposed from       0
        559           3         -1                      Exposed from       0
        560           3         -1                      Exposed from       0
        561           3         -1                      Exposed from       0
        562           3         -1                      Exposed from       0
        563           3         -1                      Exposed from       0
        564           3         -1                      Exposed from       0
        565           3         -1                      Exposed from       0
        566           3         -1                      Exposed from       0
        567           3         -1                      Exposed from       0
        568           3         -1                      Exposed from       0
        569           3         -1                      Exposed from       0
        570           3         -1                      Exposed from       0
        571           3         -1                      Exposed from       0
        572           3         -1                      Exposed from       0
        573           3         -1                      Exposed from       0
        574           3         -1                      Exposed from       0
        575           3         -1                      Exposed from       0
        576           3         -1                      Exposed from       0
        577           3         -1                      Exposed from       0
        578           3         -1                      Exposed from       0
        579           4         -1                      Exposed from       0
        580           4         -1                      Exposed from       0
        581           4         -1                      Exposed from       0
        582           4         -1                      Exposed from       0
        583           4         -1                      Exposed from       0
        584           4         -1                      Exposed from       0
        585           4         -1                      Exposed from       0
        586           4         -1                      Exposed from       0
        587           4         -1                      Exposed from       0
        588           4         -1                      Exposed from       0
        589           4         -1                      Exposed from       0
        590           4         -1                      Exposed from       0
        591           2         -1                      Exposed from       0
        592           2         -1                      Exposed from       0
        593           2         -1                      Exposed from       0
        594           4         -1                      Exposed from       0
        595           4         -1                      Exposed from       0
        596           4         -1                      Exposed from       0
        597           4         -1                      Exposed from       0
        598           4         -1                      Exposed from       0
        599           4         -1                      Exposed from       0
        600           4         -1                      Exposed from       0
        601           4         -1                      Exposed from       0
        602           4         -1                      Exposed from       0
        603           4         -1                      Exposed from       0
        604           4         -1                      Exposed from       0
        605           2         -1                      Exposed from       0
        606           2         -1                      Exposed from       0
        607           2         -1                      Exposed from       0
        608           3         -1                      Exposed from       0
        609           3         -1                      Exposed from       0
        610           3         -1                      Exposed from       0
        611           3         -1                      Exposed from       0
        612           3         -1                      Exposed from       0
        613           3         -1                      Exposed from       0
        614           3         -1                      Exposed from       0
        615           3         -1                      Exposed from       0
        616           3         -1                      Exposed from       0
        617           3         -1                      Exposed from       0
        618           3         -1                      Exposed from       0
        619           3         -1                      Exposed from       0
        620           3         -1                      Exposed from       0
        621           4         -1                      Exposed from       0
        622           4         -1                      Exposed from       0
        623           4         -1                      Exposed from       0
        624           4         -1                      Exposed from       0
        625           4         -1                      Exposed from       0
        626           4         -1                      Exposed from       0
        627           4         -1                      Exposed from       0
        628           4         -1                      Exposed from       0
        629           4         -1                      Exposed from       0
        630           4         -1                      Exposed from       0
        631           4         -1                      Exposed from       0
        632           4         -1                      Exposed from       0
        633           4         -1                      Exposed from       0
        634           4         -1                      Exposed from       0
        635           3         -1                      Exposed from       0
        636           3         -1                      Exposed from       0
        637           3         -1                      Exposed from       0
        638           3         -1                      Exposed from       0
        639           3         -1                      Exposed from       0
        640           3         -1                      Exposed from       0
        641           3         -1                      Exposed from       0
        642           3         -1                      Exposed from       0
        643           3         -1                      Exposed from       0
        644           3         -1                      Exposed from       0
        645           3         -1                      Exposed from       0
        646           3         -1                      Exposed from       0
        647           3         -1                      Exposed from       0
        648           3         -1                      Exposed from       0
        649           3         -1                      Exposed from       0
        650           3         -1                      Exposed from       0
        651           3         -1                      Exposed from       0
        652           3         -1                      Exposed from       0
        653           3         -1                      Exposed from       0
        654           3         -1                      Exposed from       0
        655           3         -1                      Exposed from       0
        656           3         -1                      Exposed from       0
        657           3         -1                      Exposed from       0
        658           3         -1                      Exposed from       0
        659           3         -1                      Exposed from       0
        660           3         -1                      Exposed from       0
        661           3         -1                      Exposed from       0
        662           3         -1                      Exposed from       0
        663           4         -1                      Exposed from       0
        664           3         -1                      Exposed from       0
        665           3         -1                      Exposed from       0
        666           3         -1                      Exposed from       0
        667           3         -1                      Exposed from       0
        668           3         -1                      Exposed from       0
        669           3         -1                      Exposed from       0
        670           3         -1                      Exposed from       0
        671           3         -1                      Exposed from       0
        672           4         -1                      Exposed from       0
        673           3         -1                      Exposed from       0
        674           3         -1                      Exposed from       0
        675           3         -1                      Exposed from       0
        676           3         -1                      Exposed from       0
        677           3         -1                      Exposed from       0
        678           3         -1                      Exposed from       0
        679           3         -1                      Exposed from       0
        680           3         -1                      Exposed from       0
        681           3         -1                      Exposed from       0
        682           3         -1                      Exposed from       0
        683           3         -1                      Exposed from       0
        684           3         -1                      Exposed from       0
        685           3         -1                      Exposed from       0
        686           3         -1                      Exposed from       0
        687           3         -1                      Exposed from       0
        688           3         -1                      Exposed from       0
        689           3         -1                      Exposed from       0
        690           3         -1                      Exposed from       0
        691           3         -1                      Exposed from       0
        692           3         -1                      Exposed from       0
        693           3         -1                      Exposed from       0
        694           3         -1                      Exposed from       0
        695           3         -1                      Exposed from       0
        696           3         -1                      Exposed from       0
        697           3         -1                      Exposed from       0
        698           3         -1                      Exposed from       0
        699           3         -1                      Exposed from       0
        700           3         -1                      Exposed from       0
        701           3         -1                      Exposed from       0
        702           3         -1                      Exposed from       0
        703           3         -1                      Exposed from       0
        704           3         -1                      Exposed from       0
        705           3         -1                      Exposed from       0
        706           3         -1                      Exposed from       0
        707           4         -1                      Exposed from       0
        708           3         -1                      Exposed from       0
        709           3         -1                      Exposed from       0
        710           3         -1                      Exposed from       0
        711           3         -1                      Exposed from       0
        712           3         -1                      Exposed from       0
        713           3         -1                      Exposed from       0
        714           3         -1                      Exposed from       0
        715           3         -1                      Exposed from       0
        716           4         -1                      Exposed from       0
        717           3         -1                      Exposed from       0
        718           3         -1                      Exposed from       0
        719           3         -1                      Exposed from       0
        720           3         -1                      Exposed from       0
        721           3         -1                      Exposed from       0
        722           3         -1                      Exposed from       0
        723           3         -1                      Exposed from       0
        724           3         -1                      Exposed from       0
        725           3         -1                      Exposed from       0
        726           3         -1                      Exposed from       0
        727           3         -1                      Exposed from       0
        728           3         -1                      Exposed from       0
        729           3         -1                      Exposed from       0
        730           3         -1                      Exposed from       0
        731           3         -1                      Exposed from       0
        732           3         -1                      Exposed from       0
        733           3         -1                      Exposed from       0
        734           4         -1                      Exposed from       0
        735           3         -1                      Exposed from       0
        736           3         -1                      Exposed from       0
        737           3         -1                      Exposed from       0
        738           3         -1                      Exposed from       0
        739           3         -1                      Exposed from       0
        740           3         -1                      Exposed from       0
        741           3         -1                      Exposed from       0
        742           3         -1                      Exposed from       0
        743           4         -1                      Exposed from       0
        744           3         -1                      Exposed from       0
        745           3         -1                      Exposed from       0
        746           3         -1                      Exposed from       0
        747           3         -1                      Exposed from       0
        748           3         -1                      Exposed from       0
        749           3         -1                      Exposed from       0
        750           3         -1                      Exposed from       0
        751           3         -1                      Exposed from       0
        752           3         -1                      Exposed from       0
        753           3         -1                      Exposed from       0
        754           3         -1                      Exposed from       0
        755           3         -1                      Exposed from       0
        756           3         -1                      Exposed from       0
        757           3         -1                      Exposed from       0
        758           3         -1                      Exposed from       0
        759           3         -1                      Exposed from       0
        760           3         -1                      Exposed from       0
        761           3         -1                      Exposed from       0
        762           3         -1                      Exposed from       0
        763           3         -1                      Exposed from       0
        764           3         -1                      Exposed from       0
        765           3         -1                      Exposed from       0
        766           3         -1                      Exposed from       0
        767           3         -1                      Exposed from       0
        768           3         -1                      Exposed from       0
        769           3         -1                      Exposed from       0
        770           3         -1                      Exposed from       0
        771           3         -1                      Exposed from       0
        772           3         -1                      Exposed from       0
        773           3         -1                      Exposed from       0
        774           3         -1                      Exposed from       0
        775           3         -1                      Exposed from       0
        776           3         -1                      Exposed from       0
        777           4         -1                      Exposed from       0
        778           4         -1                      Exposed from       0
        779           3         -1                      Exposed from       0
        780           3         -1                      Exposed from       0
        781           3         -1                      Exposed from       0
        782           3         -1                      Exposed from       0
        783           3         -1                      Exposed from       0
        784           3         -1                      Exposed from       0
        785           3         -1                      Exposed from       0
        786           3         -1                      Exposed from       0
        787           3         -1                      Exposed from       0
        788           3         -1                      Exposed from       0
        789           3         -1                      Exposed from       0
        790           3         -1                      Exposed from       0
        791           3         -1                      Exposed from       0
        792           3         -1                      Exposed from       0
        793           3         -1                      Exposed from       0
        794           3         -1                      Exposed from       0
        795           3         -1                      Exposed from       0
        796           3         -1                      Exposed from       0
        797           3         -1                      Exposed from       0
        798           3         -1                      Exposed from       0
        799           3         -1                      Exposed from       0
        800           3         -1                      Exposed from       0
        801           3         -1                      Exposed from       0
        802           3         -1                      Exposed from       0
        803           3         -1                      Exposed from       0
        804           4         -1                      Exposed from       0
        805           4         -1                      Exposed from       0
        806           4         -1                      Exposed from       0
        807           4         -1                      Exposed from       0
        808           4         -1                      Exposed from       0
        809           4         -1                      Exposed from       0
        810           4         -1                      Exposed from       0
        811           4         -1                      Exposed from       0
        812           4         -1                      Exposed from       0
        813           4         -1                      Exposed from       0
        814           4         -1                      Exposed from       0
        815           4         -1                      Exposed from       0
        816           4         -1                      Exposed from       0
        817           4         -1                      Exposed from       0
        818           4         -1                      Exposed from       0
        819           4         -1                      Exposed from       0
        820           4         -1                      Exposed from       0
        821           4         -1                      Exposed from       0
        822           4         -1                      Exposed from       0
        823           4         -1                      Exposed from       0
        824           4         -1                      Exposed from       0
        825           4         -1                      Exposed from       0
        826           4         -1                      Exposed from       0
        827           4         -1                      Exposed from       0
        828           4         -1                      Exposed from       0
        829           4         -1                      Exposed from       0
        830           4         -1                      Exposed from       0
        831           4         -1                      Exposed from       0
        832           4         -1                      Exposed from       0
        833           4         -1                      Exposed from       0
        834           4         -1                      Exposed from       0
        835           4         -1                      Exposed from       0
        836           4         -1                      Exposed from       0
        837           4         -1                      Exposed from       0
        838           4         -1                      Exposed from       0
        839           4         -1                      Exposed from       0
        840           4         -1                      Exposed from       0
        841           4         -1                      Exposed from       0
        842           4         -1                      Exposed from       0
        843           2         -1                      Exposed from       0
        844           3         -1                      Exposed from       0
        845           3         -1                      Exposed from       0
        846           3         -1                      Exposed from       0
        847           3         -1                      Exposed from       0
        848           3         -1                      Exposed from       0
        849           3         -1                      Exposed from       0
        850           3         -1                      Exposed from       0
        851           3         -1                      Exposed from       0
        852           3         -1                      Exposed from       0
        853           3         -1                      Exposed from       0
        854           3         -1                      Exposed from       0
        855           3         -1                      Exposed from       0
        856           3         -1                      Exposed from       0
        857           3         -1                      Exposed from       0
        858           3         -1                      Exposed from       0
        859           3         -1                      Exposed from       0
        860           3         -1                      Exposed from       0
        861           3         -1                      Exposed from       0
        862           3         -1                      Exposed from       0
        863           3         -1                      Exposed from       0
        864           3         -1                      Exposed from       0
        865           3         -1                      Exposed from       0
        866           3         -1                      Exposed from       0
        867           3         -1                      Exposed from       0
        868           3         -1                      Exposed from       0
        869           3         -1                      Exposed from       0
        870           3         -1                      Exposed from       0
        871           3         -1                      Exposed from       0
        872           3         -1                      Exposed from       0
        873           3         -1                      Exposed from       0
        874           3         -1                      Exposed from       0
        875           3         -1                      Exposed from       0
        876           3         -1                      Exposed from       0
        877           3         -1                      Exposed from       0
        878           3         -1                      Exposed from       0
        879           3         -1                      Exposed from       0
        880           3         -1                      Exposed from       0
        881           3         -1                      Exposed from       0
        882           2         -1                      Exposed from       0
        883           2         -1                      Exposed from       0
        884           4         -1                      Exposed from       0
        885           4         -1                      Exposed from       0
        886           2         -1                      Exposed from       0
        887           2         -1                      Exposed from       0
        888           3         -1                      Exposed from       0
        889           3         -1                      Exposed from       0
        890           3         -1                      Exposed from       0
        891           3         -1                      Exposed from       0
        892           3         -1                      Exposed from       0
        893           3         -1                      Exposed from       0
        894           3         -1                      Exposed from       0
        895           3         -1                      Exposed from       0
        896           3         -1                      Exposed from       0
        897           3         -1                      Exposed from       0
        898           3         -1                      Exposed from       0
        899           3         -1                      Exposed from       0
        900           3         -1                      Exposed from       0
        901           3         -1                      Exposed from       0
        902           3         -1                      Exposed from       0
        903           3         -1                      Exposed from       0
        904           3         -1                      Exposed from       0
        905           3         -1                      Exposed from       0
        906           3         -1                      Exposed from       0
        907           3         -1                      Exposed from       0
        908           3         -1                      Exposed from       0
        909           3         -1                      Exposed from       0
        910           3         -1                      Exposed from       0
        911           3         -1                      Exposed from       0
        912           3         -1                      Exposed from       0
        913           3         -1                      Exposed from       0
        914           3         -1                      Exposed from       0
        915           3         -1                      Exposed from       0
        916           3         -1                      Exposed from       0
        917           3         -1                      Exposed from       0
        918           3         -1                      Exposed from       0
        919           3         -1                      Exposed from       0
        920           3         -1                      Exposed from       0
        921           3         -1                      Exposed from       0
        922           3         -1                      Exposed from       0
        923           3         -1                      Exposed from       0
        924           3         -1                      Exposed from       0
        925           3         -1                      Exposed from       0
        926           2         -1                      Exposed from       0
        927           2         -1                      Exposed from       0
        928           2         -1                      Exposed from       0
        929           2         -1                      Exposed from       0
        930           2         -1                      Exposed from       0
        931           1         -1                      Exposed from       0
        932           1         -1                      Exposed from       0
        933           1         -1                      Exposed from       0
        934           1         -1                      Exposed from       0
       1347           6         -1                      Exposed from       0
       1348           6         -1                      Exposed from       0
       1349           6         -1                      Exposed from       0
       1350           6         -1                      Exposed from       0
       1351           6         -1                      Exposed from       0
       1352           6         -1                      Exposed from       0
       1353           6         -1                      Exposed from       0
       1354           6         -1                      Exposed from       0
       1355           6         -1                      Exposed from       0
       1356           6         -1                      Exposed from       0
       1357           6         -1                      Exposed from       0
       1358           6         -1                      Exposed from       0
       1359           6         -1                      Exposed from       0
       1360           6         -1                      Exposed from       0
       1361           6         -1                      Exposed from       0
       1362           6         -1                      Exposed from       0
       1363           6         -1                      Exposed from       0
       1364           6         -1                      Exposed from       0
       1365           6         -1                      Exposed from       0
       1366           6         -1                      Exposed from       0
       1367           6         -1                      Exposed from       0
       1368           6         -1                      Exposed from       0
       1369           6         -1                      Exposed from       0
       1370           6         -1                      Exposed from       0
       1371           6         -1                      Exposed from       0
       1372           6         -1                      Exposed from       0
       1373           6         -1                      Exposed from       0
       1374           6         -1                      Exposed from       0
       1375           6         -1                      Exposed from       0
       1376           6         -1                      Exposed from       0
       1377           6         -1                      Exposed from       0
       1378           6         -1                      Exposed from       0
       1379           6         -1                      Exposed from       0
       1380           6         -1                      Exposed from       0
       1381           6         -1                      Exposed from       0
       1382           6         -1                      Exposed from       0
       1383           6         -1                      Exposed from       0
       1384           6         -1                      Exposed from       0
       1385           6         -1                      Exposed from       0
       1386           6         -1                      Exposed from       0
       1387           6         -1                      Exposed from       0
       1388           6         -1                      Exposed from       0
       1389           6         -1                      Exposed from       0
       1390           6         -1                      Exposed from       0
       1391           6         -1                      Exposed from       0
       1392           6         -1                      Exposed from       0
       1393           6         -1                      Exposed from       0
       1394           6         -1                      Exposed from       0
       1395           6         -1                      Exposed from       0
       1396           6         -1                      Exposed from       0
       1397           6         -1                      Exposed from       0
       1398           6         -1                      Exposed from       0
       1399           6         -1                      Exposed from       0
       1400           6         -1                      Exposed from       0
       1401           6         -1                      Exposed from       0
       1402           6         -1                      Exposed from       0
       1403           6         -1                      Exposed from       0
       1404           6         -1                      Exposed from       0
       1405           6         -1                      Exposed from       0
       1406           6         -1                      Exposed from       0
       1407           6         -1                      Exposed from       0
       1408           6         -1                      Exposed from       0
       1409           6         -1                      Exposed from       0
       1410           6         -1                      Exposed from       0
       1411           6         -1                      Exposed from       0
       1412           6         -1                      Exposed from       0
       1413           6         -1                      Exposed from       0
       1414           6         -1                      Exposed from       0
       1415           6         -1                      Exposed from       0
       1416           6         -1                      Exposed from       0
       1417           6         -1                      Exposed from       0
       1418           6         -1                      Exposed from       0
       1419           6         -1                      Exposed from       0
       1420           6         -1                      Exposed from       0
       1421           6         -1                      Exposed from       0
       1422           6         -1                      Exposed from       0
       1423           6         -1                      Exposed from       0
       1424           6         -1                      Exposed from       0
       1425           6         -1                      Exposed from       0
       1426           6         -1                      Exposed from       0
       1427           6         -1                      Exposed from       0
       1428           6         -1                      Exposed from       0
       1429           6         -1                      Exposed from       0
       1430           6         -1                      Exposed from       0
       1431           6         -1                      Exposed from       0
       1432           6         -1                      Exposed from       0
       1433           6         -1                      Exposed from       0
       1434           6         -1                      Exposed from       0
       1435           6         -1                      Exposed from       0
       1436           6         -1                      Exposed from       0
       1437           6         -1                      Exposed from       0
       1438           6         -1                      Exposed from       0
       1439           6         -1                      Exposed from       0
       1440           6         -1                      Exposed from       0
       1441           6         -1                      Exposed from       0
       1442           6         -1                      Exposed from       0
       1443           6         -1                      Exposed from       0
       1444           6         -1                      Exposed from       0
       1445           6         -1                      Exposed from       0
       1446           6         -1                      Exposed from       0
       1447           6         -1                      Exposed from       0
       1448           6         -1                      Exposed from       0
       1449           6         -1                      Exposed from       0
       1450           6         -1                      Exposed from       0
       1451           6         -1                      Exposed from       0
       1452           6         -1                      Exposed from       0
       1453           6         -1                      Exposed from       0
       1454           6         -1                      Exposed from       0
       1455           6         -1                      Exposed from       0
       1456           6         -1                      Exposed from       0
       1457           6         -1                      Exposed from       0
       1458           6         -1                      Exposed from       0
       1459           6         -1                      Exposed from       0
       1460           6         -1                      Exposed from       0
       1461           6         -1                      Exposed from       0
       1462           6         -1                      Exposed from       0
       1463           6         -1                      Exposed from       0
       1464           6         -1                      Exposed from       0
       1465           6         -1                      Exposed from       0
       1466           6         -1                      Exposed from       0
       1467           6         -1                      Exposed from       0
       1468           6         -1                      Exposed from       0
       1469           6         -1                      Exposed from       0
       1470           6         -1                      Exposed from       0
       1471           6         -1                      Exposed from       0
       1472           6         -1                      Exposed from       0
       1473           6         -1                      Exposed from       0
       1474           6         -1                      Exposed from       0
       1475           6         -1                      Exposed from       0
       1476           6         -1                      Exposed from       0
       1477           6         -1                      Exposed from       0
       1478           6         -1                      Exposed from       0
       1479           6         -1                      Exposed from       0
       1480           6         -1                      Exposed from       0
       1481           6         -1                      Exposed from       0
       1482           6         -1                      Exposed from       0
       1483           6         -1                      Exposed from       0
       1484           6         -1                      Exposed from       0
       1485           6         -1                      Exposed from       0
       1486           6         -1                      Exposed from       0
       1487           6         -1                      Exposed from       0
       1488           6         -1                      Exposed from       0
       1489           6         -1                      Exposed from       0
       1490           6         -1                      Exposed from       0
       1491           6         -1                      Exposed from       0
       1492           6         -1                      Exposed from       0
       1493           6         -1                      Exposed from       0
       1494           6         -1                      Exposed from       0
       1495           6         -1                      Exposed from       0
       1496           6         -1                      Exposed from       0
       1497           6         -1                      Exposed from       0
       1498           6         -1                      Exposed from       0
       1499           6         -1                      Exposed from       0
       1500           6         -1                      Exposed from       0
       1501           6         -1                      Exposed from       0
       1502           6         -1                      Exposed from       0
       1503           6         -1                      Exposed from       0
       1504           6         -1                      Exposed from       0
       1505           6         -1                      Exposed from       0
       1506           6         -1                      Exposed from       0
       1507           6         -1                      Exposed from       0
       1508           6         -1                      Exposed from       0
       1509           6         -1                      Exposed from       0
       1510           6         -1                      Exposed from       0
       1511           6         -1                      Exposed from       0
       1512           6         -1                      Exposed from       0
       1513           6         -1                      Exposed from       0
       1514           6         -1                      Exposed from       0
       1515           6         -1                      Exposed from       0
       1516           6         -1                      Exposed from       0
       1517           6         -1                      Exposed from       0
       1518           6         -1                      Exposed from       0
       1519           6         -1                      Exposed from       0
       1520           6         -1                      Exposed from       0
       1521           6         -1                      Exposed from       0
       1522           6         -1                      Exposed from       0
       1523           6         -1                      Exposed from       0
       1524           6         -1                      Exposed from       0
       1525           6         -1                      Exposed from       0
       1526           6         -1                      Exposed from       0
       1527           6         -1                      Exposed from       0
       1528           6         -1                      Exposed from       0
       1529           6         -1                      Exposed from       0
       1530           6         -1                      Exposed from       0
       1531           6         -1                      Exposed from       0
       1532           6         -1                      Exposed from       0
       1533           6         -1                      Exposed from       0
       1534           6         -1                      Exposed from       0
       1535           6         -1                      Exposed from       0
       1536           6         -1                      Exposed from       0
       1537           6         -1                      Exposed from       0
       1538           6         -1                      Exposed from       0
       1539           6         -1                      Exposed from       0
       1540           6         -1                      Exposed from       0
       1541           6         -1                      Exposed from       0
       1542           6         -1                      Exposed from       0
       1543           6         -1                      Exposed from       0
       1544           6         -1                      Exposed from       0
       1545           6         -1                      Exposed from       0
       1546           6         -1                      Exposed from       0
       1547           6         -1                      Exposed from       0
       1548           6         -1                      Exposed from       0
       1549           6         -1                      Exposed from       0
       1550           6         -1                      Exposed from       0
       1551           6         -1                      Exposed from       0
       1552           6         -1                      Exposed from       0
       1553           6         -1                      Exposed from       0
       1554           6         -1                      Exposed from       0
       1555           6         -1                      Exposed from       0
       1556           6         -1                      Exposed from       0
       1557           6         -1                      Exposed from       0
       1558           6         -1                      Exposed from       0
       1559           6         -1                      Exposed from       0
       1560           6         -1                      Exposed from       0
       1561           6         -1                      Exposed from       0
       1562           6         -1                      Exposed from       0
       1563           6         -1                      Exposed from       0
       1564           6         -1                      Exposed from       0
       1565           6         -1                      Exposed from       0
       1566           6         -1                      Exposed from       0
       1567           6         -1                      Exposed from       0
       1568           6         -1                      Exposed from       0
       1569           6         -1                      Exposed from       0
       1570           6         -1                      Exposed from       0
       1571           6         -1                      Exposed from       0
       1572           6         -1                      Exposed from       0
       1573           6         -1                      Exposed from       0
       1574           6         -1                      Exposed from       0
       1575           6         -1                      Exposed from       0
       1576           6         -1                      Exposed from       0
       1577           6         -1                      Exposed from       0
       1578           6         -1                      Exposed from       0
       1579           6         -1                      Exposed from       0
       1580           6         -1                      Exposed from       0
       1581           6         -1                      Exposed from       0
       1582           6         -1                      Exposed from       0
       1583           6         -1                      Exposed from       0
       1584           6         -1                      Exposed from       0
       1585           6         -1                      Exposed from       0
       1586           6         -1                      Exposed from       0
       1587           6         -1                      Exposed from       0
       1588           6         -1                      Exposed from       0
       1589           6         -1                      Exposed from       0
       1590           6         -1                      Exposed from       0
       1591           6         -1                      Exposed from       0
       1592           6         -1                      Exposed from       0
       1593           6         -1                      Exposed from       0
       1594           6         -1                      Exposed from       0
       1595           6         -1                      Exposed from       0
       1596           6         -1                      Exposed from       0
       1597           6         -1                      Exposed from       0
       1598           6         -1                      Exposed from       0
       1599           6         -1                      Exposed from       0
       1600           6         -1                      Exposed from       0
       1601           6         -1                      Exposed from       0
       1602           6         -1                      Exposed from       0
       1603           6         -1                      Exposed from       0
       1604           6         -1                      Exposed from       0
       1605           6         -1                      Exposed from       0
       1606           6         -1                      Exposed from       0
       1607           6         -1                      Exposed from       0
       1608           6         -1                      Exposed from       0
       1609           6         -1                      Exposed from       0
       1610           6         -1                      Exposed from       0
       1611           6         -1                      Exposed from       0
       1612           6         -1                      Exposed from       0
       1613           6         -1                      Exposed from       0
       1614           6         -1                      Exposed from       0
       1615           6         -1                      Exposed from       0
       1616           6         -1                      Exposed from       0
       1617           6         -1                      Exposed from       0
       1618           6         -1                      Exposed from       0
       1619           6         -1                      Exposed from       0
       1620           6         -1                      Exposed from       0
       1621           6         -1                      Exposed from       0
       1622           6         -1                      Exposed from       0
       1623           6         -1                      Exposed from       0
       1624           6         -1                      Exposed from       0
       1625           6         -1                      Exposed from       0
       1626           6         -1                      Exposed from       0
       1627           6         -1                      Exposed from       0
       1628           6         -1                      Exposed from       0
       1629           6         -1                      Exposed from       0
       1630           6         -1                      Exposed from       0
       1631           6         -1                      Exposed from       0
       1632           6         -1                      Exposed from       0
       1633           6         -1                      Exposed from       0
       1634           6         -1                      Exposed from       0
       1635           6         -1                      Exposed from       0
       1636           6         -1                      Exposed from       0
       1637           6         -1                      Exposed from       0
       1638           6         -1                      Exposed from       0
       1639           6         -1                      Exposed from       0
       1640           6         -1                      Exposed from       0
       1641           6         -1                      Exposed from       0
       1642           6         -1                      Exposed from       0
       1643           6         -1                      Exposed from       0
       1644           6         -1                      Exposed from       0
       1645           6         -1                      Exposed from       0
       1646           6         -1                      Exposed from       0
       1647           6         -1                      Exposed from       0
       1648           6         -1                      Exposed from       0
       1649           6         -1                      Exposed from       0
       1650           6         -1                      Exposed from       0
       1651           6         -1                      Exposed from       0
       1652           6         -1                      Exposed from       0
       1653           6         -1                      Exposed from       0
       1654           6         -1                      Exposed from       0
       1655           6         -1                      Exposed from       0
       1656           6         -1                      Exposed from       0
       1657           6         -1                      Exposed from       0
       1658           6         -1                      Exposed from       0
       1659           6         -1                      Exposed from       0
       1660           6         -1                      Exposed from       0
       1661           6         -1                      Exposed from       0
       1662           6         -1                      Exposed from       0
       1663           6         -1                      Exposed from       0
       1664           6         -1                      Exposed from       0
       1665           6         -1                      Exposed from       0
       1666           6         -1                      Exposed from       0
       1667           6         -1                      Exposed from       0
       1668           6         -1                      Exposed from       0
       1669           6         -1                      Exposed from       0
       1670           6         -1                      Exposed from       0
       1671           6         -1                      Exposed from       0
       1672           6         -1                      Exposed from       0
       1673           6         -1                      Exposed from       0
       1674           6         -1                      Exposed from       0
       1675           6         -1                      Exposed from       0
       1676           6         -1                      Exposed from       0
       1677           6         -1                      Exposed from       0
       1678           6         -1                      Exposed from       0
       1679           6         -1                      Exposed from       0
       1680           6         -1                      Exposed from       0
       1681           6         -1                      Exposed from       0
       1682           6         -1                      Exposed from       0
       1683           6         -1                      Exposed from       0
       1684           6         -1                      Exposed from       0
       1685           6         -1                      Exposed from       0
       1686           6         -1                      Exposed from       0
       1687           6         -1                      Exposed from       0
       1688           6         -1                      Exposed from       0
       1689           6         -1                      Exposed from       0
       1690           6         -1                      Exposed from       0
       1691           6         -1                      Exposed from       0
       1692           6         -1                      Exposed from       0
       1693           6         -1                      Exposed from       0
       1694           6         -1                      Exposed from       0
       1695           6         -1                      Exposed from       0
       1696           6         -1                      Exposed from       0
       1697           6         -1                      Exposed from       0
       1698           6         -1                      Exposed from       0
       1699           6         -1                      Exposed from       0
       1700           6         -1                      Exposed from       0
       1701           6         -1                      Exposed from       0
       1702           6         -1                      Exposed from       0
       1703           6         -1                      Exposed from       0
       1704           6         -1                      Exposed from       0
       1705           6         -1                      Exposed from       0
       1706           6         -1                      Exposed from       0
       1707           6         -1                      Exposed from       0
       1708           6         -1                      Exposed from       0
       1709           6         -1                      Exposed from       0
       1710           6         -1                      Exposed from       0
       1711           6         -1                      Exposed from       0
       1712           6         -1                      Exposed from       0
       1713           6         -1                      Exposed from       0
       1714           6         -1                      Exposed from       0
       1715           6         -1                      Exposed from       0
       1716           6         -1                      Exposed from       0
       1717           6         -1                      Exposed from       0
       1718           6         -1                      Exposed from       0
       1719           6         -1                      Exposed from       0
       1720           6         -1                      Exposed from       0
       1721           6         -1                      Exposed from       0
       1722           6         -1                      Exposed from       0
       1723           6         -1                      Exposed from       0
       1724           6         -1                      Exposed from       0
       1725           6         -1                      Exposed from       0
       1726           6         -1                      Exposed from       0
       1727           6         -1                      Exposed from       0
       1728           6         -1                      Exposed from       0
       1729           6         -1                      Exposed from       0
       1730           6         -1                      Exposed from       0
       1731           6         -1                      Exposed from       0
       1732           6         -1                      Exposed from       0
       1733           6         -1                      Exposed from       0
       1734           6         -1                      Exposed from       0
       1735           6         -1                      Exposed from       0
       1736           6         -1                      Exposed from       0
       1737           6         -1                      Exposed from       0
       1738           6         -1                      Exposed from       0
       1739           6         -1                      Exposed from       0
       1740           6         -1                      Exposed from       0
       1741           6         -1                      Exposed from       0
       1742           6         -1                      Exposed from       0
       1743           6         -1                      Exposed from       0
       1744           6         -1                      Exposed from       0
       1745           6         -1                      Exposed from       0
       1746           6         -1                      Exposed from       0
       1747           6         -1                      Exposed from       0
       1748           6         -1                      Exposed from       0
       1749           6         -1                      Exposed from       0
       1750           6         -1                      Exposed from       0
       1751           6         -1                      Exposed from       0
       1752           6         -1                      Exposed from       0
       1753           6         -1                      Exposed from       0
       1754           6         -1                      Exposed from       0
       1755           6         -1                      Exposed from       0
       1756           6         -1                      Exposed from       0
       1757           6         -1                      Exposed from       0
       1758           6         -1                      Exposed from       0
       1759           6         -1                      Exposed from       0
       1760           6         -1                      Exposed from       0
       1761           6         -1                      Exposed from       0
       1762           6         -1                      Exposed from       0
       1763           6         -1                      Exposed from       0
       1764           6         -1                      Exposed from       0
       1765           6         -1                      Exposed from       0
       1766           6         -1                      Exposed from       0
       1767           6         -1                      Exposed from       0
       1768           6         -1                      Exposed from       0
       1769           6         -1                      Exposed from       0
       1770           6         -1                      Exposed from       0
       1771           6         -1                      Exposed from       0
       1772           6         -1                      Exposed from       0
       1773           6         -1                      Exposed from       0
       1774           6         -1                      Exposed from       0
       1775           6         -1                      Exposed from       0
       1776           6         -1                      Exposed from       0
       1777           6         -1                      Exposed from       0
       1778           6         -1                      Exposed from       0
       1779           6         -1                      Exposed from       0
       1780           6         -1                      Exposed from       0
       1781           6         -1                      Exposed from       0
       1782           6         -1                      Exposed from       0
       1783           6         -1                      Exposed from       0
       1784           6         -1                      Exposed from       0
       1785           6         -1                      Exposed from       0
       1786           6         -1                      Exposed from       0
       1787           6         -1                      Exposed from       0
       1788           6         -1                      Exposed from       0
       1789           6         -1                      Exposed from       0
       1790           6         -1                      Exposed from       0
       1791           6         -1                      Exposed from       0
       1792           6         -1                      Exposed from       0
       1793           6         -1                      Exposed from       0
       1794           6         -1                      Exposed from       0
       1795           6         -1                      Exposed from       0
       1796           6         -1                      Exposed from       0
       1797           6         -1                      Exposed from       0
       1798           6         -1                      Exposed from       0
       1799           6         -1                      Exposed from       0
       1800           6         -1                      Exposed from       0
       1801           6         -1                      Exposed from       0
       1802           6         -1                      Exposed from       0
       1803           6         -1                      Exposed from       0
       1804           6         -1                      Exposed from       0
       1805           6         -1                      Exposed from       0
       1806           6         -1                      Exposed from       0
       1807           6         -1                      Exposed from       0
       1808           6         -1                      Exposed from       0
       1809           6         -1                      Exposed from       0
       1810           6         -1                      Exposed from       0
       1811           6         -1                      Exposed from       0
       1812           6         -1                      Exposed from       0
       1813           6         -1                      Exposed from       0
       1814           6         -1                      Exposed from       0
       1815           6         -1                      Exposed from       0
       1816           6         -1                      Exposed from       0
       1817           6         -1                      Exposed from       0
       1818           6         -1                      Exposed from       0
       1819           6         -1                      Exposed from       0
       1820           6         -1                      Exposed from       0
       1821           6         -1                      Exposed from       0
       1822           6         -1                      Exposed from       0
       1823           6         -1                      Exposed from       0
       1824           6         -1                      Exposed from       0
       1825           6         -1                      Exposed from       0
       1826           6         -1                      Exposed from       0
       1827           6         -1                      Exposed from       0
       1828           6         -1                      Exposed from       0
       1829           6         -1                      Exposed from       0
       1830           6         -1                      Exposed from       0
       1831           6         -1                      Exposed from       0
       1832           6         -1                      Exposed from       0
       1833           6         -1                      Exposed from       0
       1834           6         -1                      Exposed from       0
       1835           6         -1                      Exposed from       0
       1836           6         -1                      Exposed from       0
       1837           6         -1                      Exposed from       0
       1838           6         -1                      Exposed from       0
       1839           6         -1                      Exposed from       0
       1840           6         -1                      Exposed from       0
       1841           6         -1                      Exposed from       0
       1842           6         -1                      Exposed from       0
       1843           6         -1                      Exposed from       0
       1844           6         -1                      Exposed from       0
       1845           6         -1                      Exposed from       0
       1846           6         -1                      Exposed from       0
       1847           6         -1                      Exposed from       0
       1848           6         -1                      Exposed from       0
       1849           6         -1                      Exposed from       0
       1850           6         -1                      Exposed from       0
       1851           6         -1                      Exposed from       0
       1852           6         -1                      Exposed from       0
       1853           6         -1                      Exposed from       0
       1854           6         -1                      Exposed from       0
       1855           6         -1                      Exposed from       0
       1856           6         -1                      Exposed from       0
       1857           6         -1                      Exposed from       0
       1858           6         -1                      Exposed from       0
       1859           6         -1                      Exposed from       0
       1860           6         -1                      Exposed from       0
       1861           6         -1                      Exposed from       0
       1862           6         -1                      Exposed from       0
       1863           6         -1                      Exposed from       0
       1864           6         -1                      Exposed from       0
       1865           6         -1                      Exposed from       0
       1866           6         -1                      Exposed from       0
       1867           6         -1                      Exposed from       0
       1868           6         -1                      Exposed from       0
       1869           6         -1                      Exposed from       0
       1870           6         -1                      Exposed from       0
       1871           6         -1                      Exposed from       0
       1872           6         -1                      Exposed from       0
       1873           6         -1                      Exposed from       0
       1874           6         -1                      Exposed from       0
       1875           6         -1                      Exposed from       0
       1876           6         -1                      Exposed from       0
       1877           6         -1                      Exposed from       0
       1878           6         -1                      Exposed from       0
       1879           6         -1                      Exposed from       0
       1880           6         -1                      Exposed from       0
       1881           6         -1                      Exposed from       0
       1882           6         -1                      Exposed from       0
       1883           6         -1                      Exposed from       0
       1884           6         -1                      Exposed from       0
       1885           6         -1                      Exposed from       0
       1886           6         -1                      Exposed from       0
       1887           6         -1                      Exposed from       0
       1888           6         -1                      Exposed from       0
       1889           6         -1                      Exposed from       0
       1890           6         -1                      Exposed from       0
       1891           6         -1                      Exposed from       0
       1892           6         -1                      Exposed from       0
       1893           6         -1                      Exposed from       0
       1894           6         -1                      Exposed from       0
       1895           6         -1                      Exposed from       0
       1896           6         -1                      Exposed from       0
       1897           6         -1                      Exposed from       0
       1898           6         -1                      Exposed from       0
       1899           6         -1                      Exposed from       0
       1900           6         -1                      Exposed from       0
       1901           6         -1                      Exposed from       0
       1902           6         -1                      Exposed from       0
       1903           6         -1                      Exposed from       0
       1904           6         -1                      Exposed from       0
       1905           6         -1                      Exposed from       0
       1906           6         -1                      Exposed from       0
       1907           6         -1                      Exposed from       0
       1908           6         -1                      Exposed from       0
       1909           6         -1                      Exposed from       0
       1910           6         -1                      Exposed from       0
       1911           6         -1                      Exposed from       0
       1912           6         -1                      Exposed from       0
       1913           6         -1                      Exposed from       0
       1914           6         -1                      Exposed from       0
       1915           6         -1                      Exposed from       0
       1916           6         -1                      Exposed from       0
       1917           6         -1                      Exposed from       0
       1918           6         -1                      Exposed from       0
       1919           6         -1                      Exposed from       0
       1920           6         -1                      Exposed from       0
       1921           6         -1                      Exposed from       0
       1922           6         -1                      Exposed from       0
       1923           6         -1                      Exposed from       0
       1924           6         -1                      Exposed from       0
       1925           6         -1                      Exposed from       0
       1926           6         -1                      Exposed from       0
       1927           6         -1                      Exposed from       0
       1928           6         -1                      Exposed from       0
       1929           6         -1                      Exposed from       0
       1930           6         -1                      Exposed from       0
       1931           6         -1                      Exposed from       0
       1932           6         -1                      Exposed from       0
       1933           6         -1                      Exposed from       0
       1934           6         -1                      Exposed from       0
       1935           6         -1                      Exposed from       0
       1936           6         -1                      Exposed from       0
       1937           6         -1                      Exposed from       0
       1938           6         -1                      Exposed from       0
       1939           6         -1                      Exposed from       0
       1940           6         -1                      Exposed from       0
       1941           6         -1                      Exposed from       0
       1942           6         -1                      Exposed from       0
       1943           6         -1                      Exposed from       0
       1944           6         -1                      Exposed from       0
       1945           6         -1                      Exposed from       0
       1946           6         -1                      Exposed from       0
       1947           6         -1                      Exposed from       0
       1948           6         -1                      Exposed from       0
       1949           6         -1                      Exposed from       0
       1950           6         -1                      Exposed from       0
       1951           6         -1                      Exposed from       0
       1952           6         -1                      Exposed from       0
       1953           6         -1                      Exposed from       0
       1954           6         -1                      Exposed from       0
       1955           6         -1                      Exposed from       0
       1956           6         -1                      Exposed from       0
       1957           6         -1                      Exposed from       0
       1958           6         -1                      Exposed from       0
       1959           6         -1                      Exposed from       0
       1960           6         -1                      Exposed from       0
       1961           6         -1                      Exposed from       0
       1962           6         -1                      Exposed from       0
       1963           6         -1                      Exposed from       0
       1964           6         -1                      Exposed from       0
       1965           6         -1                      Exposed from       0
       1966           6         -1                      Exposed from       0
       1967           6         -1                      Exposed from       0
       1968           6         -1                      Exposed from       0
       1969           6         -1                      Exposed from       0
       1970           6         -1                      Exposed from       0
       1971           6         -1                      Exposed from       0
       1972           6         -1                      Exposed from       0
       1973           6         -1                      Exposed from       0
       1974           6         -1                      Exposed from       0
       1975           6         -1                      Exposed from       0
       1976           6         -1                      Exposed from       0
       1977           6         -1                      Exposed from       0
       1978           6         -1                      Exposed from       0
       1979           6         -1                      Exposed from       0
       1980           6         -1                      Exposed from       0
       1981           6         -1                      Exposed from       0
       1982           6         -1                      Exposed from       0
       1983           6         -1                      Exposed from       0
       1984           6         -1                      Exposed from       0
       1985           6         -1                      Exposed from       0
       1986           6         -1                      Exposed from       0
       1987           6         -1                      Exposed from       0
       1988           6         -1                      Exposed from       0
       1989           6         -1                      Exposed from       0
       1990           6         -1                      Exposed from       0
       1991           6         -1                      Exposed from       0
       1992           6         -1                      Exposed from       0
       1993           6         -1                      Exposed from       0
       1994           6         -1                      Exposed from       0
       1995           6         -1                      Exposed from       0
       1996           6         -1                      Exposed from       0
       1997           6         -1                      Exposed from       0
       1998           6         -1                      Exposed from       0
       1999           6         -1                      Exposed from       0
       2000           6         -1                      Exposed from       0
       2001           6         -1                      Exposed from       0
       2002           6         -1                      Exposed from       0
       2003           6         -1                      Exposed from       0
       2004           6         -1                      Exposed from       0
       2005           6         -1                      Exposed from       0
       2006           6         -1                      Exposed from       0
       2007           6         -1                      Exposed from       0
       2008           6         -1                      Exposed from       0
       2009           6         -1                      Exposed from       0
       2010           6         -1                      Exposed from       0
       2011           6         -1                      Exposed from       0
       2012           6         -1                      Exposed from       0
       2013           6         -1                      Exposed from       0
       2014           6         -1                      Exposed from       0
       2015           6         -1                      Exposed from       0
       2016           6         -1                      Exposed from       0
       2017           6         -1                      Exposed from       0
       2018           6         -1                      Exposed from       0
       2019           6         -1                      Exposed from       0
       2020           6         -1                      Exposed from       0
       2021           6         -1                      Exposed from       0
       2022           6         -1                      Exposed from       0
       2023           6         -1                      Exposed from       0
       2024           6         -1                      Exposed from       0
       2025           6         -1                      Exposed from       0
       2026           6         -1                      Exposed from       0
       2027           6         -1                      Exposed from       0
       2028           6         -1                      Exposed from       0
       2029           6         -1                      Exposed from       0
       2030           6         -1                      Exposed from       0
       2031           6         -1                      Exposed from       0
       2032           6         -1                      Exposed from       0
       2033           6         -1                      Exposed from       0
       2034           6         -1                      Exposed from       0
       2035           6         -1                      Exposed from       0
       2036           6         -1                      Exposed from       0
       2037           6         -1                      Exposed from       0
       2038           6         -1                      Exposed from       0
       2039           6         -1                      Exposed from       0
       2040           6         -1                      Exposed from       0
       2041           6         -1                      Exposed from       0
       2042           6         -1                      Exposed from       0
       2043           6         -1                      Exposed from       0
       2044           6         -1                      Exposed from       0
       2045           6         -1                      Exposed from       0
       2046           6         -1                      Exposed from       0
       2047           6         -1                      Exposed from       0
       2048           6         -1                      Exposed from       0
       2049           6         -1                      Exposed from       0
       2050           6         -1                      Exposed from       0
       2051           6         -1                      Exposed from       0
       2052           6         -1                      Exposed from       0
       2053           6         -1                      Exposed from       0
       2054           6         -1                      Exposed from       0
       2055           6         -1                      Exposed from       0
       2056           6         -1                      Exposed from       0


     -----     T H E R M A L    M A T E R I A L    P A R A M E T E R S    -----

       Mat-no.   Density     Heat      Conduct.  Emissiv           
       (ext)               capacity              factor            

          1     7.850E+03  5.100E+02  0.000E+00  8.500E-01
          2     7.850E+03  5.100E+02  5.000E+01  8.500E-01
          3     7.850E+03  5.100E+02  5.000E+01  8.500E-01
          4     7.850E+03  5.100E+02  5.000E+01  8.500E-01
          5     7.850E+03  5.100E+02  5.000E+01  8.500E-01
          6     7.850E+03  5.100E+02  0.000E+00  8.500E-01
          1     0.000E+00  1.000E+02  2.000E+02  0.000E+00
          2     0.000E+00  1.000E+02  2.000E+02  0.000E+00
          3     0.000E+00  1.000E+02  2.000E+02  0.000E+00
          4     0.000E+00  1.000E+02  2.000E+02  0.000E+00
          5     0.000E+00  1.000E+02  2.000E+02  0.000E+00
          6     0.000E+00  1.000E+02  2.000E+02  0.000E+00


     -----     I N S I D E   M E M B E R    P A R A M E T E R S    -----

       Ins-no.   Density    Heat       
       (ext)              capacity     

         -1     1.273E+00  7.000E+02


     -----     T E M P.   D E P E N D E N C Y   P A R A M E T E R S    -----


               Temp_dep    Number of 
                  no        points   

                  100        15


                 Temp       Factor   

              0.000E+00   7.920E-01
              1.000E+02   9.430E-01
              2.000E+02   1.018E+00
              3.000E+02   1.094E+00
              4.000E+02   1.131E+00
              5.000E+02   1.282E+00
              6.000E+02   1.508E+00
              6.500E+02   1.584E+00
              6.850E+02   1.697E+00
              7.310E+02   9.804E+00
              7.500E+02   2.790E+00
              7.730E+02   1.998E+00
              8.070E+02   1.471E+00
              8.700E+02   1.282E+00
              1.300E+03   1.282E+00


               Temp_dep    Number of 
                  no        points   

                  200        14


                 Temp       Factor   

              0.000E+00   1.084E+00
              1.000E+02   1.019E+00
              2.000E+02   9.490E-01
              3.000E+02   8.740E-01
              4.000E+02   8.090E-01
              5.000E+02   7.440E-01
              6.000E+02   6.790E-01
              7.000E+02   6.140E-01
              8.000E+02   5.480E-01
              9.000E+02   5.480E-01
              1.000E+03   5.480E-01
              1.100E+03   5.480E-01
              1.200E+03   5.480E-01
              1.300E+03   5.480E-01


     -----     U S E R   D E F I N E D    F I R E - S C E N A R I O    -----


                           USER defined               
                        F L U X  f i e l d          


       History              Location                   Reference            
         no         x           y           z      Radius      Flux    
          0   3.430E+02   4.840E+02   6.400E+01   5.000E+00   3.500E+05
                                                  1.000E+02   1.500E+03



     -----     M  E  S  H      D A T A     -----



     -----             P I P E             -----

      Element no   Length       Arc              
       ( ext )    direction  direction           
          1           2          8
          2           2          8
          3           2          8
          4           2          8
          5           2          8
          6           2          8
          7           2          8
          8           2          8
          9           2          8
         10           2          8
         11           2          8
         12           2          8
         13           2          8
         14           2          8
         15           2          8
         16           2          8
         17           2          8
         18           2          8
         19           2          8
         20           2          8
         21           2          8
         22           2          8
         23           2          8
         65           2          8
         66           2          8
         67           2          8
         68           2          8
         69           2          8
         70           2          8
         71           2          8
         72           2          8
         73           2          8
         74           2          8
         75           2          8
         76           2          8
         77           2          8
         78           2          8
         79           2          8
         80           2          8
        105           2          8
        106           2          8
        107           2          8
        108           2          8
        109           2          8
        110           2          8
        111           2          8
        112           2          8
        113           2          8
        114           2          8
        115           2          8
        116           2          8
        117           2          8
        118           2          8
        119           2          8
        132           2          8
        133           2          8
        134           2          8
        135           2          8
        136           2          8
        140           2          8
        141           2          8
        142           2          8
        143           2          8
        144           2          8
        148           2          8
        149           2          8
        150           2          8
        151           2          8
        152           2          8
        153           2          8
        154           2          8
        155           2          8
        415           2          8
        416           2          8
        417           2          8
        456           2          8
        457           2          8
        458           2          8
        459           2          8
        460           2          8
        461           2          8
        500           2          8
        501           2          8
        502           2          8
        503           2          8
        504           2          8
        505           2          8
        506           2          8
        507           2          8
        508           2          8
        509           2          8
        510           2          8
        511           2          8
        512           2          8
        513           2          8
        514           2          8
        515           2          8
        516           2          8
        517           2          8
        518           2          8
        519           2          8
        520           2          8
        521           2          8
        522           2          8
        523           2          8
        524           2          8
        525           2          8
        526           2          8
        527           2          8
        528           2          8
        529           2          8
        530           2          8
        531           2          8
        532           2          8
        533           2          8
        534           2          8
        535           2          8
        579           2          8
        580           2          8
        581           2          8
        582           2          8
        583           2          8
        584           2          8
        585           2          8
        586           2          8
        587           2          8
        588           2          8
        589           2          8
        590           2          8
        594           2          8
        595           2          8
        596           2          8
        597           2          8
        598           2          8
        599           2          8
        600           2          8
        601           2          8
        602           2          8
        603           2          8
        604           2          8
        621           2          8
        622           2          8
        623           2          8
        624           2          8
        625           2          8
        626           2          8
        627           2          8
        628           2          8
        629           2          8
        630           2          8
        631           2          8
        632           2          8
        633           2          8
        634           2          8
        663           2          8
        672           2          8
        707           2          8
        716           2          8
        734           2          8
        743           2          8
        777           2          8
        778           2          8
        804           2          8
        805           2          8
        806           2          8
        807           2          8
        808           2          8
        809           2          8
        810           2          8
        811           2          8
        812           2          8
        813           2          8
        814           2          8
        815           2          8
        816           2          8
        817           2          8
        818           2          8
        819           2          8
        820           2          8
        821           2          8
        822           2          8
        823           2          8
        824           2          8
        825           2          8
        826           2          8
        827           2          8
        828           2          8
        829           2          8
        830           2          8
        831           2          8
        832           2          8
        833           2          8
        834           2          8
        835           2          8
        836           2          8
        837           2          8
        838           2          8
        839           2          8
        840           2          8
        841           2          8
        842           2          8
        843           2          8
        882           2          8
        883           2          8
        884           2          8
        885           2          8
        886           2          8
        887           2          8
        926           2          8
        927           2          8
        928           2          8
        929           2          8
        930           2          8
        931           2          8
        932           2          8
        933           2          8
        934           2          8
       1347           2          8
       1348           2          8
       1349           2          8
       1350           2          8
       1351           2          8
       1352           2          8
       1353           2          8
       1354           2          8
       1355           2          8
       1356           2          8
       1357           2          8
       1358           2          8
       1359           2          8
       1360           2          8
       1361           2          8
       1362           2          8
       1363           2          8
       1364           2          8
       1365           2          8
       1366           2          8
       1367           2          8
       1368           2          8
       1369           2          8
       1370           2          8
       1371           2          8
       1372           2          8
       1373           2          8
       1374           2          8
       1375           2          8
       1376           2          8
       1377           2          8
       1378           2          8
       1379           2          8
       1380           2          8
       1381           2          8
       1382           2          8
       1383           2          8
       1384           2          8
       1385           2          8
       1386           2          8
       1387           2          8
       1388           2          8
       1389           2          8
       1390           2          8
       1391           2          8
       1392           2          8
       1393           2          8
       1394           2          8
       1395           2          8
       1396           2          8
       1397           2          8
       1398           2          8
       1399           2          8
       1400           2          8
       1401           2          8
       1402           2          8
       1403           2          8
       1404           2          8
       1405           2          8
       1406           2          8
       1407           2          8
       1408           2          8
       1409           2          8
       1410           2          8
       1411           2          8
       1412           2          8
       1413           2          8
       1414           2          8
       1415           2          8
       1416           2          8
       1417           2          8
       1418           2          8
       1419           2          8
       1420           2          8
       1421           2          8
       1422           2          8
       1423           2          8
       1424           2          8
       1425           2          8
       1426           2          8
       1427           2          8
       1428           2          8
       1429           2          8
       1430           2          8
       1431           2          8
       1432           2          8
       1433           2          8
       1434           2          8
       1435           2          8
       1436           2          8
       1437           2          8
       1438           2          8
       1439           2          8
       1440           2          8
       1441           2          8
       1442           2          8
       1443           2          8
       1444           2          8
       1445           2          8
       1446           2          8
       1447           2          8
       1448           2          8
       1449           2          8
       1450           2          8
       1451           2          8
       1452           2          8
       1453           2          8
       1454           2          8
       1455           2          8
       1456           2          8
       1457           2          8
       1458           2          8
       1459           2          8
       1460           2          8
       1461           2          8
       1462           2          8
       1463           2          8
       1464           2          8
       1465           2          8
       1466           2          8
       1467           2          8
       1468           2          8
       1469           2          8
       1470           2          8
       1471           2          8
       1472           2          8
       1473           2          8
       1474           2          8
       1475           2          8
       1476           2          8
       1477           2          8
       1478           2          8
       1479           2          8
       1480           2          8
       1481           2          8
       1482           2          8
       1483           2          8
       1484           2          8
       1485           2          8
       1486           2          8
       1487           2          8
       1488           2          8
       1489           2          8
       1490           2          8
       1491           2          8
       1492           2          8
       1493           2          8
       1494           2          8
       1495           2          8
       1496           2          8
       1497           2          8
       1498           2          8
       1499           2          8
       1500           2          8
       1501           2          8
       1502           2          8
       1503           2          8
       1504           2          8
       1505           2          8
       1506           2          8
       1507           2          8
       1508           2          8
       1509           2          8
       1510           2          8
       1511           2          8
       1512           2          8
       1513           2          8
       1514           2          8
       1515           2          8
       1516           2          8
       1517           2          8
       1518           2          8
       1519           2          8
       1520           2          8
       1521           2          8
       1522           2          8
       1523           2          8
       1524           2          8
       1525           2          8
       1526           2          8
       1527           2          8
       1528           2          8
       1529           2          8
       1530           2          8
       1531           2          8
       1532           2          8
       1533           2          8
       1534           2          8
       1535           2          8
       1536           2          8
       1537           2          8
       1538           2          8
       1539           2          8
       1540           2          8
       1541           2          8
       1542           2          8
       1543           2          8
       1544           2          8
       1545           2          8
       1546           2          8
       1547           2          8
       1548           2          8
       1549           2          8
       1550           2          8
       1551           2          8
       1552           2          8
       1553           2          8
       1554           2          8
       1555           2          8
       1556           2          8
       1557           2          8
       1558           2          8
       1559           2          8
       1560           2          8
       1561           2          8
       1562           2          8
       1563           2          8
       1564           2          8
       1565           2          8
       1566           2          8
       1567           2          8
       1568           2          8
       1569           2          8
       1570           2          8
       1571           2          8
       1572           2          8
       1573           2          8
       1574           2          8
       1575           2          8
       1576           2          8
       1577           2          8
       1578           2          8
       1579           2          8
       1580           2          8
       1581           2          8
       1582           2          8
       1583           2          8
       1584           2          8
       1585           2          8
       1586           2          8
       1587           2          8
       1588           2          8
       1589           2          8
       1590           2          8
       1591           2          8
       1592           2          8
       1593           2          8
       1594           2          8
       1595           2          8
       1596           2          8
       1597           2          8
       1598           2          8
       1599           2          8
       1600           2          8
       1601           2          8
       1602           2          8
       1603           2          8
       1604           2          8
       1605           2          8
       1606           2          8
       1607           2          8
       1608           2          8
       1609           2          8
       1610           2          8
       1611           2          8
       1612           2          8
       1613           2          8
       1614           2          8
       1615           2          8
       1616           2          8
       1617           2          8
       1618           2          8
       1619           2          8
       1620           2          8
       1621           2          8
       1622           2          8
       1623           2          8
       1624           2          8
       1625           2          8
       1626           2          8
       1627           2          8
       1628           2          8
       1629           2          8
       1630           2          8
       1631           2          8
       1632           2          8
       1633           2          8
       1634           2          8
       1635           2          8
       1636           2          8
       1637           2          8
       1638           2          8
       1639           2          8
       1640           2          8
       1641           2          8
       1642           2          8
       1643           2          8
       1644           2          8
       1645           2          8
       1646           2          8
       1647           2          8
       1648           2          8
       1649           2          8
       1650           2          8
       1651           2          8
       1652           2          8
       1653           2          8
       1654           2          8
       1655           2          8
       1656           2          8
       1657           2          8
       1658           2          8
       1659           2          8
       1660           2          8
       1661           2          8
       1662           2          8
       1663           2          8
       1664           2          8
       1665           2          8
       1666           2          8
       1667           2          8
       1668           2          8
       1669           2          8
       1670           2          8
       1671           2          8
       1672           2          8
       1673           2          8
       1674           2          8
       1675           2          8
       1676           2          8
       1677           2          8
       1678           2          8
       1679           2          8
       1680           2          8
       1681           2          8
       1682           2          8
       1683           2          8
       1684           2          8
       1685           2          8
       1686           2          8
       1687           2          8
       1688           2          8
       1689           2          8
       1690           2          8
       1691           2          8
       1692           2          8
       1693           2          8
       1694           2          8
       1695           2          8
       1696           2          8
       1697           2          8
       1698           2          8
       1699           2          8
       1700           2          8
       1701           2          8
       1702           2          8
       1703           2          8
       1704           2          8
       1705           2          8
       1706           2          8
       1707           2          8
       1708           2          8
       1709           2          8
       1710           2          8
       1711           2          8
       1712           2          8
       1713           2          8
       1714           2          8
       1715           2          8
       1716           2          8
       1717           2          8
       1718           2          8
       1719           2          8
       1720           2          8
       1721           2          8
       1722           2          8
       1723           2          8
       1724           2          8
       1725           2          8
       1726           2          8
       1727           2          8
       1728           2          8
       1729           2          8
       1730           2          8
       1731           2          8
       1732           2          8
       1733           2          8
       1734           2          8
       1735           2          8
       1736           2          8
       1737           2          8
       1738           2          8
       1739           2          8
       1740           2          8
       1741           2          8
       1742           2          8
       1743           2          8
       1744           2          8
       1745           2          8
       1746           2          8
       1747           2          8
       1748           2          8
       1749           2          8
       1750           2          8
       1751           2          8
       1752           2          8
       1753           2          8
       1754           2          8
       1755           2          8
       1756           2          8
       1757           2          8
       1758           2          8
       1759           2          8
       1760           2          8
       1761           2          8
       1762           2          8
       1763           2          8
       1764           2          8
       1765           2          8
       1766           2          8
       1767           2          8
       1768           2          8
       1769           2          8
       1770           2          8
       1771           2          8
       1772           2          8
       1773           2          8
       1774           2          8
       1775           2          8
       1776           2          8
       1777           2          8
       1778           2          8
       1779           2          8
       1780           2          8
       1781           2          8
       1782           2          8
       1783           2          8
       1784           2          8
       1785           2          8
       1786           2          8
       1787           2          8
       1788           2          8
       1789           2          8
       1790           2          8
       1791           2          8
       1792           2          8
       1793           2          8
       1794           2          8
       1795           2          8
       1796           2          8
       1797           2          8
       1798           2          8
       1799           2          8
       1800           2          8
       1801           2          8
       1802           2          8
       1803           2          8
       1804           2          8
       1805           2          8
       1806           2          8
       1807           2          8
       1808           2          8
       1809           2          8
       1810           2          8
       1811           2          8
       1812           2          8
       1813           2          8
       1814           2          8
       1815           2          8
       1816           2          8
       1817           2          8
       1818           2          8
       1819           2          8
       1820           2          8
       1821           2          8
       1822           2          8
       1823           2          8
       1824           2          8
       1825           2          8
       1826           2          8
       1827           2          8
       1828           2          8
       1829           2          8
       1830           2          8
       1831           2          8
       1832           2          8
       1833           2          8
       1834           2          8
       1835           2          8
       1836           2          8
       1837           2          8
       1838           2          8
       1839           2          8
       1840           2          8
       1841           2          8
       1842           2          8
       1843           2          8
       1844           2          8
       1845           2          8
       1846           2          8
       1847           2          8
       1848           2          8
       1849           2          8
       1850           2          8
       1851           2          8
       1852           2          8
       1853           2          8
       1854           2          8
       1855           2          8
       1856           2          8
       1857           2          8
       1858           2          8
       1859           2          8
       1860           2          8
       1861           2          8
       1862           2          8
       1863           2          8
       1864           2          8
       1865           2          8
       1866           2          8
       1867           2          8
       1868           2          8
       1869           2          8
       1870           2          8
       1871           2          8
       1872           2          8
       1873           2          8
       1874           2          8
       1875           2          8
       1876           2          8
       1877           2          8
       1878           2          8
       1879           2          8
       1880           2          8
       1881           2          8
       1882           2          8
       1883           2          8
       1884           2          8
       1885           2          8
       1886           2          8
       1887           2          8
       1888           2          8
       1889           2          8
       1890           2          8
       1891           2          8
       1892           2          8
       1893           2          8
       1894           2          8
       1895           2          8
       1896           2          8
       1897           2          8
       1898           2          8
       1899           2          8
       1900           2          8
       1901           2          8
       1902           2          8
       1903           2          8
       1904           2          8
       1905           2          8
       1906           2          8
       1907           2          8
       1908           2          8
       1909           2          8
       1910           2          8
       1911           2          8
       1912           2          8
       1913           2          8
       1914           2          8
       1915           2          8
       1916           2          8
       1917           2          8
       1918           2          8
       1919           2          8
       1920           2          8
       1921           2          8
       1922           2          8
       1923           2          8
       1924           2          8
       1925           2          8
       1926           2          8
       1927           2          8
       1928           2          8
       1929           2          8
       1930           2          8
       1931           2          8
       1932           2          8
       1933           2          8
       1934           2          8
       1935           2          8
       1936           2          8
       1937           2          8
       1938           2          8
       1939           2          8
       1940           2          8
       1941           2          8
       1942           2          8
       1943           2          8
       1944           2          8
       1945           2          8
       1946           2          8
       1947           2          8
       1948           2          8
       1949           2          8
       1950           2          8
       1951           2          8
       1952           2          8
       1953           2          8
       1954           2          8
       1955           2          8
       1956           2          8
       1957           2          8
       1958           2          8
       1959           2          8
       1960           2          8
       1961           2          8
       1962           2          8
       1963           2          8
       1964           2          8
       1965           2          8
       1966           2          8
       1967           2          8
       1968           2          8
       1969           2          8
       1970           2          8
       1971           2          8
       1972           2          8
       1973           2          8
       1974           2          8
       1975           2          8
       1976           2          8
       1977           2          8
       1978           2          8
       1979           2          8
       1980           2          8
       1981           2          8
       1982           2          8
       1983           2          8
       1984           2          8
       1985           2          8
       1986           2          8
       1987           2          8
       1988           2          8
       1989           2          8
       1990           2          8
       1991           2          8
       1992           2          8
       1993           2          8
       1994           2          8
       1995           2          8
       1996           2          8
       1997           2          8
       1998           2          8
       1999           2          8
       2000           2          8
       2001           2          8
       2002           2          8
       2003           2          8
       2004           2          8
       2005           2          8
       2006           2          8
       2007           2          8
       2008           2          8
       2009           2          8
       2010           2          8
       2011           2          8
       2012           2          8
       2013           2          8
       2014           2          8
       2015           2          8
       2016           2          8
       2017           2          8
       2018           2          8
       2019           2          8
       2020           2          8
       2021           2          8
       2022           2          8
       2023           2          8
       2024           2          8
       2025           2          8
       2026           2          8
       2027           2          8
       2028           2          8
       2029           2          8
       2030           2          8
       2031           2          8
       2032           2          8
       2033           2          8
       2034           2          8
       2035           2          8
       2036           2          8
       2037           2          8
       2038           2          8
       2039           2          8
       2040           2          8
       2041           2          8
       2042           2          8
       2043           2          8
       2044           2          8
       2045           2          8
       2046           2          8
       2047           2          8
       2048           2          8
       2049           2          8
       2050           2          8
       2051           2          8
       2052           2          8
       2053           2          8
       2054           2          8
       2055           2          8
       2056           2          8



     -----       I _ P R O F I L E S       -----

      Element no   Length      Nel       Nel       Nel  
       ( ext )    direction   W e b     T o p    Bottom 
         24           8         4         4         4
         25           8         4         4         4
         26           8         4         4         4
         27           8         4         4         4
         28           8         4         4         4
         29           8         4         4         4
         30           8         4         4         4
         31           8         4         4         4
         32           8         4         4         4
         33           8         4         4         4
         34           8         4         4         4
         35           8         4         4         4
         36           8         4         4         4
         37           8         4         4         4
         38           8         4         4         4
         39           8         4         4         4
         40           8         4         4         4
         41           8         4         4         4
         42           8         4         4         4
         43           8         4         4         4
         44           8         4         4         4
         45           8         4         4         4
         46           8         4         4         4
         47           8         4         4         4
         48           8         4         4         4
         49           8         4         4         4
         50           8         4         4         4
         51           8         4         4         4
         52           8         4         4         4
         53           8         4         4         4
         54           8         4         4         4
         55           8         4         4         4
         56           8         4         4         4
         57           8         4         4         4
         58           8         4         4         4
         59           8         4         4         4
         60           8         4         4         4
         61           8         4         4         4
         62           8         4         4         4
         63           8         4         4         4
         64           8         4         4         4
         81           8         4         4         4
         82           8         4         4         4
         83           8         4         4         4
         84           8         4         4         4
         85           8         4         4         4
         86           8         4         4         4
         87           8         4         4         4
         88           8         4         4         4
         89           8         4         4         4
         90           8         4         4         4
         91           8         4         4         4
         92           8         4         4         4
         93           8         4         4         4
         94           8         4         4         4
         95           8         4         4         4
         96           8         4         4         4
         97           8         4         4         4
         98           8         4         4         4
         99           8         4         4         4
        100           8         4         4         4
        101           8         4         4         4
        102           8         4         4         4
        103           8         4         4         4
        104           8         4         4         4
        120           8         4         4         4
        121           8         4         4         4
        122           8         4         4         4
        123           8         4         4         4
        124           8         4         4         4
        125           8         4         4         4
        126           8         4         4         4
        127           8         4         4         4
        128           8         4         4         4
        129           8         4         4         4
        130           8         4         4         4
        131           8         4         4         4
        137           8         4         4         4
        138           8         4         4         4
        139           8         4         4         4
        156           8         4         4         4
        157           8         4         4         4
        158           8         4         4         4
        159           8         4         4         4
        160           8         4         4         4
        161           8         4         4         4
        162           8         4         4         4
        163           8         4         4         4
        164           8         4         4         4
        165           8         4         4         4
        166           8         4         4         4
        167           8         4         4         4
        168           8         4         4         4
        169           8         4         4         4
        170           8         4         4         4
        171           8         4         4         4
        172           8         4         4         4
        173           8         4         4         4
        174           8         4         4         4
        175           8         4         4         4
        176           8         4         4         4
        177           8         4         4         4
        178           8         4         4         4
        179           8         4         4         4
        180           8         4         4         4
        181           8         4         4         4
        182           8         4         4         4
        183           8         4         4         4
        184           8         4         4         4
        185           8         4         4         4
        186           8         4         4         4
        187           8         4         4         4
        188           8         4         4         4
        189           8         4         4         4
        190           8         4         4         4
        191           8         4         4         4
        192           8         4         4         4
        193           8         4         4         4
        194           8         4         4         4
        195           8         4         4         4
        196           8         4         4         4
        197           8         4         4         4
        198           8         4         4         4
        199           8         4         4         4
        200           8         4         4         4
        201           8         4         4         4
        202           8         4         4         4
        203           8         4         4         4
        204           8         4         4         4
        205           8         4         4         4
        206           8         4         4         4
        207           8         4         4         4
        208           8         4         4         4
        209           8         4         4         4
        210           8         4         4         4
        211           8         4         4         4
        212           8         4         4         4
        213           8         4         4         4
        214           8         4         4         4
        215           8         4         4         4
        216           8         4         4         4
        217           8         4         4         4
        218           8         4         4         4
        219           8         4         4         4
        220           8         4         4         4
        221           8         4         4         4
        222           8         4         4         4
        223           8         4         4         4
        224           8         4         4         4
        225           8         4         4         4
        226           8         4         4         4
        227           8         4         4         4
        228           8         4         4         4
        229           8         4         4         4
        230           8         4         4         4
        231           8         4         4         4
        232           8         4         4         4
        233           8         4         4         4
        234           8         4         4         4
        235           8         4         4         4
        236           8         4         4         4
        237           8         4         4         4
        238           8         4         4         4
        239           8         4         4         4
        240           8         4         4         4
        241           8         4         4         4
        242           8         4         4         4
        243           8         4         4         4
        244           8         4         4         4
        245           8         4         4         4
        246           8         4         4         4
        247           8         4         4         4
        248           8         4         4         4
        249           8         4         4         4
        250           8         4         4         4
        251           8         4         4         4
        252           8         4         4         4
        253           8         4         4         4
        254           8         4         4         4
        255           8         4         4         4
        256           8         4         4         4
        257           8         4         4         4
        258           8         4         4         4
        259           8         4         4         4
        260           8         4         4         4
        261           8         4         4         4
        262           8         4         4         4
        263           8         4         4         4
        264           8         4         4         4
        265           8         4         4         4
        266           8         4         4         4
        267           8         4         4         4
        268           8         4         4         4
        269           8         4         4         4
        270           8         4         4         4
        271           8         4         4         4
        272           8         4         4         4
        273           8         4         4         4
        274           8         4         4         4
        275           8         4         4         4
        276           8         4         4         4
        277           8         4         4         4
        278           8         4         4         4
        279           8         4         4         4
        280           8         4         4         4
        281           8         4         4         4
        282           8         4         4         4
        283           8         4         4         4
        284           8         4         4         4
        285           8         4         4         4
        286           8         4         4         4
        287           8         4         4         4
        288           8         4         4         4
        289           8         4         4         4
        290           8         4         4         4
        291           8         4         4         4
        292           8         4         4         4
        293           8         4         4         4
        294           8         4         4         4
        295           8         4         4         4
        296           8         4         4         4
        297           8         4         4         4
        298           8         4         4         4
        299           8         4         4         4
        300           8         4         4         4
        301           8         4         4         4
        302           8         4         4         4
        303           8         4         4         4
        304           8         4         4         4
        305           8         4         4         4
        306           8         4         4         4
        307           8         4         4         4
        308           8         4         4         4
        309           8         4         4         4
        310           8         4         4         4
        311           8         4         4         4
        312           8         4         4         4
        313           8         4         4         4
        314           8         4         4         4
        315           8         4         4         4
        316           8         4         4         4
        317           8         4         4         4
        318           8         4         4         4
        319           8         4         4         4
        320           8         4         4         4
        321           8         4         4         4
        322           8         4         4         4
        323           8         4         4         4
        324           8         4         4         4
        325           8         4         4         4
        326           8         4         4         4
        327           8         4         4         4
        328           8         4         4         4
        329           8         4         4         4
        330           8         4         4         4
        331           8         4         4         4
        332           8         4         4         4
        333           8         4         4         4
        334           8         4         4         4
        335           8         4         4         4
        336           8         4         4         4
        337           8         4         4         4
        338           8         4         4         4
        339           8         4         4         4
        340           8         4         4         4
        341           8         4         4         4
        342           8         4         4         4
        343           8         4         4         4
        344           8         4         4         4
        345           8         4         4         4
        346           8         4         4         4
        347           8         4         4         4
        348           8         4         4         4
        349           8         4         4         4
        350           8         4         4         4
        351           8         4         4         4
        352           8         4         4         4
        353           8         4         4         4
        354           8         4         4         4
        355           8         4         4         4
        356           8         4         4         4
        357           8         4         4         4
        358           8         4         4         4
        359           8         4         4         4
        360           8         4         4         4
        361           8         4         4         4
        362           8         4         4         4
        363           8         4         4         4
        364           8         4         4         4
        365           8         4         4         4
        366           8         4         4         4
        367           8         4         4         4
        368           8         4         4         4
        369           8         4         4         4
        370           8         4         4         4
        371           8         4         4         4
        372           8         4         4         4
        373           8         4         4         4
        374           8         4         4         4
        375           8         4         4         4
        376           8         4         4         4
        377           8         4         4         4
        378           8         4         4         4
        379           8         4         4         4
        380           8         4         4         4
        381           8         4         4         4
        382           8         4         4         4
        383           8         4         4         4
        384           8         4         4         4
        385           8         4         4         4
        386           8         4         4         4
        387           8         4         4         4
        388           8         4         4         4
        389           8         4         4         4
        390           8         4         4         4
        391           8         4         4         4
        392           8         4         4         4
        393           8         4         4         4
        394           8         4         4         4
        395           8         4         4         4
        396           8         4         4         4
        397           8         4         4         4
        398           8         4         4         4
        399           8         4         4         4
        400           8         4         4         4
        401           8         4         4         4
        402           8         4         4         4
        403           8         4         4         4
        404           8         4         4         4
        405           8         4         4         4
        406           8         4         4         4
        407           8         4         4         4
        408           8         4         4         4
        409           8         4         4         4
        410           8         4         4         4
        411           8         4         4         4
        412           8         4         4         4
        413           8         4         4         4
        414           8         4         4         4
        418           8         4         4         4
        419           8         4         4         4
        420           8         4         4         4
        421           8         4         4         4
        422           8         4         4         4
        423           8         4         4         4
        424           8         4         4         4
        425           8         4         4         4
        426           8         4         4         4
        427           8         4         4         4
        428           8         4         4         4
        429           8         4         4         4
        430           8         4         4         4
        431           8         4         4         4
        432           8         4         4         4
        433           8         4         4         4
        434           8         4         4         4
        435           8         4         4         4
        436           8         4         4         4
        437           8         4         4         4
        438           8         4         4         4
        439           8         4         4         4
        440           8         4         4         4
        441           8         4         4         4
        442           8         4         4         4
        443           8         4         4         4
        444           8         4         4         4
        445           8         4         4         4
        446           8         4         4         4
        447           8         4         4         4
        448           8         4         4         4
        449           8         4         4         4
        450           8         4         4         4
        451           8         4         4         4
        452           8         4         4         4
        453           8         4         4         4
        454           8         4         4         4
        455           8         4         4         4
        462           8         4         4         4
        463           8         4         4         4
        464           8         4         4         4
        465           8         4         4         4
        466           8         4         4         4
        467           8         4         4         4
        468           8         4         4         4
        469           8         4         4         4
        470           8         4         4         4
        471           8         4         4         4
        472           8         4         4         4
        473           8         4         4         4
        474           8         4         4         4
        475           8         4         4         4
        476           8         4         4         4
        477           8         4         4         4
        478           8         4         4         4
        479           8         4         4         4
        480           8         4         4         4
        481           8         4         4         4
        482           8         4         4         4
        483           8         4         4         4
        484           8         4         4         4
        485           8         4         4         4
        486           8         4         4         4
        487           8         4         4         4
        488           8         4         4         4
        489           8         4         4         4
        490           8         4         4         4
        491           8         4         4         4
        492           8         4         4         4
        493           8         4         4         4
        494           8         4         4         4
        495           8         4         4         4
        496           8         4         4         4
        497           8         4         4         4
        498           8         4         4         4
        499           8         4         4         4
        536           8         4         4         4
        537           8         4         4         4
        538           8         4         4         4
        539           8         4         4         4
        540           8         4         4         4
        541           8         4         4         4
        542           8         4         4         4
        543           8         4         4         4
        544           8         4         4         4
        545           8         4         4         4
        546           8         4         4         4
        547           8         4         4         4
        548           8         4         4         4
        549           8         4         4         4
        550           8         4         4         4
        551           8         4         4         4
        552           8         4         4         4
        553           8         4         4         4
        554           8         4         4         4
        555           8         4         4         4
        556           8         4         4         4
        557           8         4         4         4
        558           8         4         4         4
        559           8         4         4         4
        560           8         4         4         4
        561           8         4         4         4
        562           8         4         4         4
        563           8         4         4         4
        564           8         4         4         4
        565           8         4         4         4
        566           8         4         4         4
        567           8         4         4         4
        568           8         4         4         4
        569           8         4         4         4
        570           8         4         4         4
        571           8         4         4         4
        572           8         4         4         4
        573           8         4         4         4
        574           8         4         4         4
        575           8         4         4         4
        576           8         4         4         4
        577           8         4         4         4
        578           8         4         4         4
        591           8         4         4         4
        592           8         4         4         4
        593           8         4         4         4
        608           8         4         4         4
        609           8         4         4         4
        610           8         4         4         4
        611           8         4         4         4
        612           8         4         4         4
        613           8         4         4         4
        614           8         4         4         4
        615           8         4         4         4
        616           8         4         4         4
        617           8         4         4         4
        618           8         4         4         4
        619           8         4         4         4
        620           8         4         4         4
        635           8         4         4         4
        636           8         4         4         4
        637           8         4         4         4
        638           8         4         4         4
        639           8         4         4         4
        640           8         4         4         4
        641           8         4         4         4
        642           8         4         4         4
        643           8         4         4         4
        644           8         4         4         4
        645           8         4         4         4
        646           8         4         4         4
        647           8         4         4         4
        648           8         4         4         4
        649           8         4         4         4
        650           8         4         4         4
        651           8         4         4         4
        652           8         4         4         4
        653           8         4         4         4
        654           8         4         4         4
        655           8         4         4         4
        656           8         4         4         4
        657           8         4         4         4
        658           8         4         4         4
        659           8         4         4         4
        660           8         4         4         4
        661           8         4         4         4
        662           8         4         4         4
        664           8         4         4         4
        665           8         4         4         4
        666           8         4         4         4
        667           8         4         4         4
        668           8         4         4         4
        669           8         4         4         4
        670           8         4         4         4
        671           8         4         4         4
        673           8         4         4         4
        674           8         4         4         4
        675           8         4         4         4
        676           8         4         4         4
        677           8         4         4         4
        678           8         4         4         4
        679           8         4         4         4
        680           8         4         4         4
        681           8         4         4         4
        682           8         4         4         4
        683           8         4         4         4
        684           8         4         4         4
        685           8         4         4         4
        686           8         4         4         4
        687           8         4         4         4
        688           8         4         4         4
        689           8         4         4         4
        690           8         4         4         4
        691           8         4         4         4
        692           8         4         4         4
        693           8         4         4         4
        694           8         4         4         4
        695           8         4         4         4
        696           8         4         4         4
        697           8         4         4         4
        698           8         4         4         4
        699           8         4         4         4
        700           8         4         4         4
        701           8         4         4         4
        702           8         4         4         4
        703           8         4         4         4
        704           8         4         4         4
        705           8         4         4         4
        706           8         4         4         4
        708           8         4         4         4
        709           8         4         4         4
        710           8         4         4         4
        711           8         4         4         4
        712           8         4         4         4
        713           8         4         4         4
        714           8         4         4         4
        715           8         4         4         4
        717           8         4         4         4
        718           8         4         4         4
        719           8         4         4         4
        720           8         4         4         4
        721           8         4         4         4
        722           8         4         4         4
        723           8         4         4         4
        724           8         4         4         4
        725           8         4         4         4
        726           8         4         4         4
        727           8         4         4         4
        728           8         4         4         4
        729           8         4         4         4
        730           8         4         4         4
        731           8         4         4         4
        732           8         4         4         4
        733           8         4         4         4
        735           8         4         4         4
        736           8         4         4         4
        737           8         4         4         4
        738           8         4         4         4
        739           8         4         4         4
        740           8         4         4         4
        741           8         4         4         4
        742           8         4         4         4
        744           8         4         4         4
        745           8         4         4         4
        746           8         4         4         4
        747           8         4         4         4
        748           8         4         4         4
        749           8         4         4         4
        750           8         4         4         4
        751           8         4         4         4
        752           8         4         4         4
        753           8         4         4         4
        754           8         4         4         4
        755           8         4         4         4
        756           8         4         4         4
        757           8         4         4         4
        758           8         4         4         4
        759           8         4         4         4
        760           8         4         4         4
        761           8         4         4         4
        762           8         4         4         4
        763           8         4         4         4
        764           8         4         4         4
        765           8         4         4         4
        766           8         4         4         4
        767           8         4         4         4
        768           8         4         4         4
        769           8         4         4         4
        770           8         4         4         4
        771           8         4         4         4
        772           8         4         4         4
        773           8         4         4         4
        774           8         4         4         4
        775           8         4         4         4
        776           8         4         4         4
        779           8         4         4         4
        780           8         4         4         4
        781           8         4         4         4
        782           8         4         4         4
        783           8         4         4         4
        784           8         4         4         4
        785           8         4         4         4
        786           8         4         4         4
        787           8         4         4         4
        788           8         4         4         4
        789           8         4         4         4
        790           8         4         4         4
        791           8         4         4         4
        792           8         4         4         4
        793           8         4         4         4
        794           8         4         4         4
        795           8         4         4         4
        796           8         4         4         4
        797           8         4         4         4
        798           8         4         4         4
        799           8         4         4         4
        800           8         4         4         4
        801           8         4         4         4
        802           8         4         4         4
        803           8         4         4         4
        844           8         4         4         4
        845           8         4         4         4
        846           8         4         4         4
        847           8         4         4         4
        848           8         4         4         4
        849           8         4         4         4
        850           8         4         4         4
        851           8         4         4         4
        852           8         4         4         4
        853           8         4         4         4
        854           8         4         4         4
        855           8         4         4         4
        856           8         4         4         4
        857           8         4         4         4
        858           8         4         4         4
        859           8         4         4         4
        860           8         4         4         4
        861           8         4         4         4
        862           8         4         4         4
        863           8         4         4         4
        864           8         4         4         4
        865           8         4         4         4
        866           8         4         4         4
        867           8         4         4         4
        868           8         4         4         4
        869           8         4         4         4
        870           8         4         4         4
        871           8         4         4         4
        872           8         4         4         4
        873           8         4         4         4
        874           8         4         4         4
        875           8         4         4         4
        876           8         4         4         4
        877           8         4         4         4
        878           8         4         4         4
        879           8         4         4         4
        880           8         4         4         4
        881           8         4         4         4
        888           8         4         4         4
        889           8         4         4         4
        890           8         4         4         4
        891           8         4         4         4
        892           8         4         4         4
        893           8         4         4         4
        894           8         4         4         4
        895           8         4         4         4
        896           8         4         4         4
        897           8         4         4         4
        898           8         4         4         4
        899           8         4         4         4
        900           8         4         4         4
        901           8         4         4         4
        902           8         4         4         4
        903           8         4         4         4
        904           8         4         4         4
        905           8         4         4         4
        906           8         4         4         4
        907           8         4         4         4
        908           8         4         4         4
        909           8         4         4         4
        910           8         4         4         4
        911           8         4         4         4
        912           8         4         4         4
        913           8         4         4         4
        914           8         4         4         4
        915           8         4         4         4
        916           8         4         4         4
        917           8         4         4         4
        918           8         4         4         4
        919           8         4         4         4
        920           8         4         4         4
        921           8         4         4         4
        922           8         4         4         4
        923           8         4         4         4
        924           8         4         4         4
        925           8         4         4         4



     -----    B O X _ P R O F I L E S      -----

      Element no   Length      Nel       Nel       Nel  
       ( ext )    direction   W e b     T o p    Bottom 
        145           8         4         4         4
        146           8         4         4         4
        147           8         4         4         4
        605           8         4         4         4
        606           8         4         4         4
        607           8         4         4         4



     -----    Q U A D   E L E M E N T S    -----

      Element no     Nel       Nel  
       ( ext )     Dir 1_2   Dir 1_4
        935           1         1
        936           1         1
        937           1         1
        938           1         1
        939           1         1
        940           1         1
        941           1         1
        942           1         1
        943           1         1
        944           1         1
        945           1         1
        946           1         1
        947           1         1
        948           1         1
        949           1         1
        950           1         1
        951           1         1
        952           1         1
        953           1         1
        954           1         1
        955           1         1
        956           1         1
        957           1         1
        958           1         1
        959           1         1
        960           1         1
        961           1         1
        962           1         1
        963           1         1
        964           1         1
        965           1         1
        966           1         1
        967           1         1
        968           1         1
        969           1         1
        970           1         1
        971           1         1
        972           1         1
        973           1         1
        974           1         1
        975           1         1
        976           1         1
        977           1         1
        978           1         1
        979           1         1
        980           1         1
        981           1         1
        982           1         1
        983           1         1
        984           1         1
        985           1         1
        986           1         1
        987           1         1
        988           1         1
        989           1         1
        990           1         1
        991           3         3
        992           1         1
        993           1         1
        994           1         1
        995           1         1
        996           1         1
        997           1         1
        998           1         1
        999           1         1
       1000           1         1
       1001           1         1
       1002           1         1
       1003           1         1
       1004           1         1
       1005           1         1
       1006           1         1
       1007           1         1
       1008           1         1
       1009           1         1
       1010           1         1
       1011           1         1
       1012           1         1
       1013           1         1
       1014           1         1
       1015           1         1
       1016           1         1
       1017           3         3
       1018           1         1
       1019           1         1
       1020           1         1
       1021           1         1
       1022           1         1
       1023           1         1
       1024           1         1
       1025           1         1
       1026           1         1
       1027           1         1
       1028           1         1
       1029           1         1
       1030           1         1
       1031           1         1
       1032           1         1
       1033           1         1
       1034           1         1
       1035           1         1
       1036           1         1
       1037           1         1
       1038           1         1
       1039           1         1
       1040           1         1
       1041           1         1
       1042           1         1
       1043           1         1
       1044           1         1
       1045           1         1
       1046           1         1
       1047           1         1
       1048           1         1
       1049           1         1
       1050           1         1
       1051           1         1
       1052           1         1
       1053           1         1
       1054           1         1
       1055           1         1
       1056           1         1
       1057           1         1
       1058           3         3
       1059           1         1
       1060           1         1
       1061           1         1
       1062           1         1
       1063           1         1
       1064           1         1
       1065           1         1
       1066           1         1
       1067           1         1
       1068           1         1
       1069           1         1
       1070           1         1
       1071           1         1
       1072           1         1
       1073           1         1
       1074           1         1
       1075           1         1
       1076           1         1
       1077           1         1
       1078           1         1
       1079           3         3
       1080           1         1
       1081           1         1
       1082           1         1
       1083           1         1
       1084           1         1
       1085           1         1
       1086           1         1
       1087           1         1
       1088           1         1
       1089           1         1
       1090           1         1
       1091           1         1
       1092           1         1
       1093           1         1
       1094           1         1
       1095           1         1
       1096           1         1
       1097           1         1
       1098           1         1
       1099           1         1
       1100           1         1
       1101           1         1
       1102           1         1
       1103           1         1
       1104           1         1
       1105           1         1
       1106           1         1
       1107           1         1
       1108           1         1
       1109           1         1
       1110           1         1
       1111           1         1
       1112           1         1
       1113           1         1
       1114           1         1
       1115           1         1
       1116           1         1
       1117           1         1
       1118           1         1
       1119           1         1
       1120           1         1
       1121           1         1
       1122           1         1
       1123           1         1
       1124           1         1
       1125           1         1
       1126           1         1
       1127           1         1
       1128           1         1
       1129           1         1
       1130           1         1
       1131           1         1
       1132           1         1
       1133           1         1
       1134           1         1
       1135           1         1
       1136           1         1
       1137           1         1
       1138           1         1
       1139           1         1
       1140           1         1
       1141           1         1
       1142           1         1
       1143           1         1
       1144           1         1
       1145           1         1
       1146           1         1
       1147           1         1
       1148           1         1
       1149           1         1
       1150           1         1
       1151           1         1
       1152           1         1
       1153           1         1
       1154           1         1
       1155           1         1
       1156           1         1
       1157           1         1
       1158           1         1
       1159           1         1
       1160           1         1
       1161           1         1
       1162           1         1
       1163           1         1
       1164           1         1
       1165           1         1
       1166           1         1
       1167           1         1
       1168           1         1
       1169           1         1
       1170           1         1
       1171           1         1
       1172           1         1
       1173           1         1
       1174           1         1
       1175           1         1
       1176           1         1
       1177           1         1
       1178           1         1
       1179           1         1
       1180           1         1
       1181           1         1
       1182           1         1
       1183           1         1
       1184           1         1
       1185           1         1
       1186           1         1
       1187           1         1
       1188           1         1
       1189           1         1
       1190           1         1
       1191           1         1
       1192           1         1
       1193           1         1
       1194           1         1
       1195           1         1
       1196           1         1
       1197           1         1
       1198           1         1
       1199           1         1
       1200           1         1
       1201           1         1
       1202           1         1
       1203           1         1
       1204           1         1
       1205           1         1
       1206           1         1
       1207           1         1
       1208           1         1
       1209           1         1
       1210           1         1
       1211           1         1
       1212           1         1
       1213           1         1
       1214           1         1
       1215           1         1
       1216           1         1
       1217           1         1
       1218           1         1
       1219           1         1
       1220           1         1
       1221           1         1
       1222           1         1
       1223           1         1
       1224           1         1
       1225           1         1
       1226           1         1
       1227           1         1
       1228           1         1
       1229           1         1
       1230           1         1
       1231           1         1
       1232           1         1
       1233           1         1
       1234           1         1
       1235           1         1
       1236           1         1
       1237           1         1
       1238           1         1
       1239           1         1
       1240           1         1
       1241           1         1
       1242           1         1
       1243           1         1
       1244           1         1
       1245           1         1
       1246           1         1
       1247           1         1
       1248           1         1
       1249           1         1
       1250           1         1
       1251           1         1
       1252           1         1
       1253           1         1
       1254           1         1
       1255           1         1
       1256           1         1
       1257           1         1
       1258           1         1
       1259           1         1
       1260           1         1
       1261           1         1
       1262           1         1
       1263           1         1
       1264           1         1
       1265           1         1
       1266           1         1
       1267           1         1
       1268           1         1
       1269           1         1
       1270           1         1
       1271           1         1
       1272           1         1
       1273           1         1
       1274           1         1
       1275           1         1
       1276           1         1
       1277           1         1
       1278           1         1
       1279           1         1
       1280           1         1
       1281           1         1
       1282           1         1
       1283           1         1
       1284           1         1
       1285           1         1
       1286           1         1
       1287           1         1
       1288           1         1
       1289           1         1
       1290           1         1
       1291           1         1
       1292           1         1
       1293           1         1
       1294           1         1
       1295           1         1
       1296           1         1
       1297           1         1
       1298           1         1
       1299           1         1
       1300           1         1
       1301           1         1
       1302           1         1
       1303           1         1
       1304           1         1
       1305           1         1
       1306           1         1
       1307           1         1
       1308           1         1
       1309           1         1
       1310           1         1
       1311           1         1
       1312           1         1
       1313           1         1
       1314           1         1
       1315           1         1
       1316           1         1
       1317           1         1
       1318           1         1
       1319           1         1
       1320           1         1
       1321           1         1
       1322           1         1
       1323           1         1
       1324           1         1
       1325           1         1
       1326           1         1
       1327           1         1
       1328           1         1
       1329           1         1
       1330           1         1
       1331           1         1
       1332           1         1
       1333           1         1
       1334           1         1
       1335           1         1
       1336           1         1
       1337           1         1
       1338           1         1
       1339           1         1
       1340           1         1
       1341           1         1
       1342           1         1
       1343           1         1
       1344           1         1
       1345           1         1
       1346           1         1







                                                                          
         Step      Time     Accum.       Max heat      Max         Min 
          no.               energy        input       temp.       temp. 
                   (min)     (J)          (W/m2)     (degr C)    (degr C)


           1        0.05   9.094E+08    5.95E+05        91.7        10.5
           2        0.10   1.814E+09    5.93E+05       161.9         0.9
           3        0.15   2.709E+09    5.90E+05       229.8        -8.6
           4        0.20   3.594E+09    5.88E+05       295.7       -18.1
           5        0.25   4.469E+09    5.85E+05       359.4       -27.6
           6        0.30   5.335E+09    5.83E+05       421.1       -37.1
           7        0.35   6.191E+09    5.81E+05       480.7       -46.6
           8        0.40   7.038E+09    5.78E+05       538.3       -56.0
           9        0.45   7.875E+09    5.76E+05       593.7       -65.5
          10        0.50   8.702E+09    5.74E+05       647.1       -74.9
          11        0.55   9.520E+09    5.71E+05       698.3       -84.3
          12        0.60   1.033E+10    5.69E+05       747.4       -93.6
          13        0.65   1.113E+10    5.66E+05       794.3      -103.0
          14        0.70   1.192E+10    5.64E+05       839.1      -112.3
          15        0.75   1.270E+10    5.62E+05       881.6      -121.6
          16        0.80   1.347E+10    5.59E+05       921.9      -130.9
          17        0.85   1.423E+10    5.57E+05       960.1      -140.2
          18        0.90   1.498E+10    5.55E+05       996.0      -149.4
          19        0.95   1.572E+10    5.52E+05      1029.7      -158.6
          20        1.00   1.645E+10    5.50E+05      1061.2      -167.7
          21        1.05   1.717E+10    5.47E+05      1090.6      -176.9
          22        1.10   1.789E+10    5.45E+05      1117.9      -186.0
          23        1.15   1.859E+10    5.43E+05      1143.2      -195.0
          24        1.20   1.928E+10    5.40E+05      1166.4      -204.0
          25        1.25   1.997E+10    5.38E+05      1187.8      -213.0
          26        1.30   2.064E+10    5.35E+05      1207.4      -221.9
          27        1.35   2.131E+10    5.33E+05      1225.2      -230.8
          28        1.40   2.196E+10    5.31E+05      1241.4      -239.7
          29        1.45   2.261E+10    5.28E+05      1256.1      -248.5
          30        1.50   2.325E+10    5.26E+05      1269.2      -257.2
          31        1.55   2.388E+10    5.23E+05      1281.1      -265.9
          32        1.60   2.449E+10    5.21E+05      1291.6      -273.0
          33        1.65   2.510E+10    5.18E+05      1301.0      -273.0
          34        1.70   2.570E+10    5.16E+05      1309.3      -273.0
          35        1.75   2.630E+10    5.13E+05      1316.7      -273.0
          36        1.80   2.688E+10    5.11E+05      1323.1      -273.0
          37        1.85   2.745E+10    5.08E+05      1328.7      -273.0
          38        1.90   2.802E+10    5.06E+05      1333.5      -273.0
          39        1.95   2.857E+10    5.03E+05      1337.7      -273.0
          40        2.00   2.912E+10    5.01E+05      1341.3      -273.0
          41        2.05   2.966E+10    4.98E+05      1344.3      -273.0
          42        2.10   3.019E+10    4.96E+05      1346.8      -273.0
          43        2.15   3.071E+10    4.93E+05      1348.9      -273.0
          44        2.20   3.123E+10    4.91E+05      1350.6      -273.0
          45        2.25   3.173E+10    4.88E+05      1352.0      -273.0
          46        2.30   3.223E+10    4.85E+05      1353.1      -273.0
          47        2.35   3.272E+10    4.83E+05      1353.9      -273.0
          48        2.40   3.320E+10    4.80E+05      1354.5      -273.0
          49        2.45   3.368E+10    4.78E+05      1354.8      -273.0
          50        2.50   3.414E+10    4.75E+05      1355.0      -273.0
          51        2.55   3.460E+10    4.73E+05      1355.1      -273.0
          52        2.60   3.506E+10    4.70E+05      1355.0      -273.0
          53        2.65   3.550E+10    4.67E+05      1354.8      -273.0
          54        2.70   3.594E+10    4.65E+05      1354.5      -273.0
          55        2.75   3.637E+10    4.62E+05      1354.1      -273.0
          56        2.80   3.679E+10    4.60E+05      1353.7      -273.0
          57        2.85   3.721E+10    4.57E+05      1358.9      -273.0
          58        2.90   3.762E+10    4.54E+05      1366.2      -273.0
          59        2.95   3.803E+10    4.52E+05      1373.0      -273.0
          60        3.00   3.842E+10    4.49E+05      1379.5      -273.0
          61        3.05   3.882E+10    4.47E+05      1385.6      -273.0
          62        3.10   3.920E+10    4.44E+05      1391.2      -273.0
          63        3.15   3.958E+10    4.42E+05      1396.6      -273.0
          64        3.20   3.996E+10    4.39E+05      1401.5      -273.0
          65        3.25   4.032E+10    4.36E+05      1406.2      -273.0
          66        3.30   4.069E+10    4.34E+05      1410.5      -273.0
          67        3.35   4.104E+10    4.31E+05      1414.5      -273.0
          68        3.40   4.139E+10    4.29E+05      1418.1      -273.0
          69        3.45   4.174E+10    4.26E+05      1428.5      -273.0
          70        3.50   4.208E+10    4.24E+05      1438.8      -273.0
          71        3.55   4.241E+10    4.21E+05      1448.8      -273.0
          72        3.60   4.274E+10    4.19E+05      1458.6      -273.0
          73        3.65   4.307E+10    4.16E+05      1468.1      -273.0
          74        3.70   4.339E+10    4.14E+05      1477.4      -273.0
          75        3.75   4.370E+10    4.11E+05      1486.5      -273.0
          76        3.80   4.401E+10    4.09E+05      1495.3      -273.0
          77        3.85   4.432E+10    4.06E+05      1503.8      -273.0
          78        3.90   4.462E+10    4.04E+05      1512.2      -273.0
          79        3.95   4.491E+10    4.02E+05      1520.3      -273.0
          80        4.00   4.521E+10    3.99E+05      1528.2      -273.0
          81        4.05   4.549E+10    3.97E+05      1535.9      -273.0
          82        4.10   4.578E+10    3.95E+05      1543.4      -273.0
          83        4.15   4.606E+10    3.92E+05      1550.7      -273.0
          84        4.20   4.633E+10    3.90E+05      1557.8      -273.0
          85        4.25   4.660E+10    3.88E+05      1564.7      -273.0
          86        4.30   4.687E+10    3.85E+05      1571.4      -273.0
          87        4.35   4.713E+10    3.83E+05      1578.0      -273.0
          88        4.40   4.739E+10    3.81E+05      1584.3      -273.0
          89        4.45   4.764E+10    3.79E+05      1590.5      -273.0
          90        4.50   4.790E+10    3.76E+05      1596.6      -273.0
          91        4.55   4.814E+10    3.74E+05      1602.4      -273.0
          92        4.60   4.839E+10    3.72E+05      1608.2      -273.0
          93        4.65   4.863E+10    3.70E+05      1613.7      -273.0
          94        4.70   4.886E+10    3.68E+05      1619.2      -273.0
          95        4.75   4.910E+10    3.66E+05      1624.4      -273.0
          96        4.80   4.933E+10    3.64E+05      1629.6      -273.0
          97        4.85   4.956E+10    3.62E+05      1634.6      -273.0
          98        4.90   4.978E+10    3.60E+05      1639.5      -273.0
          99        4.95   5.000E+10    3.58E+05      1644.3      -273.0
         100        5.00   5.022E+10    3.56E+05      1648.9      -273.0
         101        5.05   5.043E+10    3.54E+05      1653.4      -273.0
         102        5.10   5.064E+10    3.52E+05      1657.9      -273.0
         103        5.15   5.085E+10    3.50E+05      1662.2      -273.0
         104        5.20   5.106E+10    3.48E+05      1666.4      -273.0
         105        5.25   5.126E+10    3.46E+05      1670.5      -273.0
         106        5.30   5.146E+10    3.44E+05      1674.5      -273.0
         107        5.35   5.165E+10    3.42E+05      1678.4      -273.0
         108        5.40   5.185E+10    3.40E+05      1682.2      -273.0
         109        5.45   5.204E+10    3.39E+05      1685.9      -273.0
         110        5.50   5.223E+10    3.37E+05      1689.6      -273.0
         111        5.55   5.241E+10    3.35E+05      1693.1      -273.0
         112        5.60   5.260E+10    3.33E+05      1696.6      -273.0
         113        5.65   5.278E+10    3.32E+05      1700.0      -273.0
         114        5.70   5.296E+10    3.30E+05      1703.3      -273.0
         115        5.75   5.313E+10    3.28E+05      1706.6      -273.0
         116        5.80   5.331E+10    3.27E+05      1709.8      -273.0
         117        5.85   5.348E+10    3.25E+05      1712.9      -273.0
         118        5.90   5.365E+10    3.23E+05      1716.0      -273.0
         119        5.95   5.381E+10    3.22E+05      1719.0      -273.0
         120        6.00   5.398E+10    3.20E+05      1721.9      -273.0
         121        6.05   5.414E+10    3.19E+05      1724.8      -273.0
         122        6.10   5.430E+10    3.17E+05      1727.6      -273.0
         123        6.15   5.446E+10    3.16E+05      1730.4      -273.0
         124        6.20   5.461E+10    3.14E+05      1733.1      -273.0
         125        6.25   5.477E+10    3.13E+05      1735.8      -273.0
         126        6.30   5.492E+10    3.11E+05      1738.4      -273.0
         127        6.35   5.507E+10    3.10E+05      1741.0      -273.0
         128        6.40   5.521E+10    3.08E+05      1743.5      -273.0
         129        6.45   5.536E+10    3.07E+05      1746.0      -273.0
         130        6.50   5.550E+10    3.06E+05      1748.5      -273.0
         131        6.55   5.564E+10    3.04E+05      1750.9      -273.0
         132        6.60   5.578E+10    3.03E+05      1753.2      -273.0
         133        6.65   5.592E+10    3.02E+05      1755.6      -273.0
         134        6.70   5.606E+10    3.00E+05      1757.9      -273.0
         135        6.75   5.619E+10    2.99E+05      1760.1      -273.0
         136        6.80   5.633E+10    2.98E+05      1762.3      -273.0
         137        6.85   5.646E+10    2.97E+05      1764.5      -273.0
         138        6.90   5.659E+10    2.96E+05      1766.7      -273.0
         139        6.95   5.671E+10    2.94E+05      1768.8      -273.0
         140        7.00   5.684E+10    2.93E+05      1770.9      -273.0
         141        7.05   5.696E+10    2.92E+05      1773.0      -273.0
         142        7.10   5.709E+10    2.91E+05      1775.1      -273.0
         143        7.15   5.721E+10    2.90E+05      1777.1      -273.0
         144        7.20   5.733E+10    2.89E+05      1779.1      -273.0
         145        7.25   5.744E+10    2.88E+05      1781.1      -273.0
         146        7.30   5.756E+10    2.87E+05      1783.0      -273.0
         147        7.35   5.768E+10    2.86E+05      1784.9      -273.0
         148        7.40   5.779E+10    2.85E+05      1786.9      -273.0
         149        7.45   5.790E+10    2.84E+05      1788.7      -273.0
         150        7.50   5.801E+10    2.83E+05      1790.6      -273.0
         151        7.55   5.812E+10    2.82E+05      1792.4      -273.0
         152        7.60   5.823E+10    2.81E+05      1794.3      -273.0
         153        7.65   5.833E+10    2.80E+05      1796.1      -273.0
         154        7.70   5.844E+10    2.79E+05      1797.9      -273.0
         155        7.75   5.854E+10    2.78E+05      1799.6      -273.0
         156        7.80   5.865E+10    2.77E+05      1801.4      -273.0
         157        7.85   5.875E+10    2.76E+05      1803.1      -273.0
         158        7.90   5.885E+10    2.75E+05      1804.8      -273.0
         159        7.95   5.895E+10    2.74E+05      1806.5      -273.0
         160        8.00   5.904E+10    2.73E+05      1808.2      -273.0
         161        8.05   5.914E+10    2.73E+05      1809.9      -273.0
         162        8.10   5.923E+10    2.72E+05      1811.6      -273.0
         163        8.15   5.933E+10    2.71E+05      1813.2      -273.0
         164        8.20   5.942E+10    2.70E+05      1814.9      -273.0
         165        8.25   5.951E+10    2.69E+05      1816.5      -273.0
         166        8.30   5.960E+10    2.69E+05      1818.1      -273.0
         167        8.35   5.969E+10    2.68E+05      1819.7      -273.0
         168        8.40   5.978E+10    2.67E+05      1821.3      -273.0
         169        8.45   5.987E+10    2.66E+05      1822.8      -273.0
         170        8.50   5.995E+10    2.66E+05      1824.4      -273.0
         171        8.55   6.004E+10    2.65E+05      1825.9      -273.0
         172        8.60   6.012E+10    2.64E+05      1827.5      -273.0
         173        8.65   6.021E+10    2.64E+05      1829.0      -273.0
         174        8.70   6.029E+10    2.63E+05      1830.5      -273.0
         175        8.75   6.037E+10    2.62E+05      1832.1      -273.0
         176        8.80   6.045E+10    2.62E+05      1833.6      -273.0
         177        8.85   6.053E+10    2.61E+05      1835.0      -273.0
         178        8.90   6.061E+10    2.60E+05      1836.5      -273.0
         179        8.95   6.068E+10    2.60E+05      1838.0      -273.0
         180        9.00   6.076E+10    2.59E+05      1839.5      -273.0
         181        9.05   6.083E+10    2.59E+05      1840.9      -273.0
         182        9.10   6.091E+10    2.58E+05      1842.4      -273.0
         183        9.15   6.098E+10    2.57E+05      1843.8      -273.0
         184        9.20   6.106E+10    2.57E+05      1845.2      -273.0
         185        9.25   6.113E+10    2.56E+05      1846.7      -273.0
         186        9.30   6.120E+10    2.56E+05      1848.1      -273.0
         187        9.35   6.127E+10    2.55E+05      1849.5      -273.0
         188        9.40   6.134E+10    2.55E+05      1850.9      -273.0
         189        9.45   6.141E+10    2.54E+05      1852.3      -273.0
         190        9.50   6.147E+10    2.54E+05      1853.7      -273.0
         191        9.55   6.154E+10    2.53E+05      1855.1      -273.0
         192        9.60   6.161E+10    2.53E+05      1856.4      -273.0
         193        9.65   6.167E+10    2.52E+05      1857.8      -273.0
         194        9.70   6.174E+10    2.52E+05      1859.2      -273.0
         195        9.75   6.180E+10    2.51E+05      1860.5      -273.0
         196        9.80   6.186E+10    2.51E+05      1861.9      -273.0
         197        9.85   6.193E+10    2.50E+05      1863.2      -273.0
         198        9.90   6.199E+10    2.50E+05      1864.6      -273.0
         199        9.95   6.205E+10    2.49E+05      1865.9      -273.0
         200       10.00   6.211E+10    2.49E+05      1867.2      -273.0
         201       10.05   6.217E+10    2.49E+05      1868.5      -273.0
         202       10.10   6.223E+10    2.48E+05      1869.9      -273.0
         203       10.15   6.228E+10    2.48E+05      1871.2      -273.0
         204       10.20   6.234E+10    2.47E+05      1872.5      -273.0
         205       10.25   6.240E+10    2.47E+05      1873.8      -273.0
         206       10.30   6.245E+10    2.47E+05      1875.1      -273.0
         207       10.35   6.251E+10    2.46E+05      1876.4      -273.0
         208       10.40   6.256E+10    2.46E+05      1877.6      -273.0
         209       10.45   6.262E+10    2.45E+05      1878.9      -273.0
         210       10.50   6.267E+10    2.45E+05      1880.2      -273.0
         211       10.55   6.272E+10    2.45E+05      1881.5      -273.0
         212       10.60   6.278E+10    2.44E+05      1882.7      -273.0
         213       10.65   6.283E+10    2.44E+05      1884.0      -273.0
         214       10.70   6.288E+10    2.44E+05      1885.2      -273.0
         215       10.75   6.293E+10    2.43E+05      1886.5      -273.0
         216       10.80   6.298E+10    2.43E+05      1887.7      -273.0
         217       10.85   6.303E+10    2.43E+05      1889.0      -273.0
         218       10.90   6.308E+10    2.42E+05      1890.2      -273.0
         219       10.95   6.313E+10    2.42E+05      1891.5      -273.0
         220       11.00   6.317E+10    2.42E+05      1892.7      -273.0
         221       11.05   6.322E+10    2.41E+05      1893.9      -273.0
         222       11.10   6.327E+10    2.41E+05      1895.1      -273.0
         223       11.15   6.331E+10    2.41E+05      1896.3      -273.0
         224       11.20   6.336E+10    2.41E+05      1897.6      -273.0
         225       11.25   6.340E+10    2.40E+05      1898.8      -273.0
         226       11.30   6.345E+10    2.40E+05      1900.0      -273.0
         227       11.35   6.349E+10    2.40E+05      1901.2      -273.0
         228       11.40   6.354E+10    2.39E+05      1902.4      -273.0
         229       11.45   6.358E+10    2.39E+05      1903.6      -273.0
         230       11.50   6.362E+10    2.39E+05      1904.7      -273.0
         231       11.55   6.366E+10    2.39E+05      1905.9      -273.0
         232       11.60   6.371E+10    2.38E+05      1907.1      -273.0
         233       11.65   6.375E+10    2.38E+05      1908.3      -273.0
         234       11.70   6.379E+10    2.38E+05      1909.5      -273.0
         235       11.75   6.383E+10    2.38E+05      1910.6      -273.0
         236       11.80   6.387E+10    2.37E+05      1911.8      -273.0
         237       11.85   6.391E+10    2.37E+05      1912.9      -273.0
         238       11.90   6.395E+10    2.37E+05      1914.1      -273.0
         239       11.95   6.398E+10    2.37E+05      1915.3      -273.0
         240       12.00   6.402E+10    2.36E+05      1916.4      -273.0
         241       12.05   6.406E+10    2.36E+05      1917.6      -273.0
         242       12.10   6.410E+10    2.36E+05      1918.7      -273.0
         243       12.15   6.413E+10    2.36E+05      1919.8      -273.0
         244       12.20   6.417E+10    2.36E+05      1921.0      -273.0
         245       12.25   6.421E+10    2.35E+05      1922.1      -273.0
         246       12.30   6.424E+10    2.35E+05      1923.2      -273.0
         247       12.35   6.428E+10    2.35E+05      1924.4      -273.0
         248       12.40   6.431E+10    2.35E+05      1925.5      -273.0
         249       12.45   6.435E+10    2.35E+05      1926.6      -273.0
         250       12.50   6.438E+10    2.35E+05      1927.7      -273.0
         251       12.55   6.441E+10    2.35E+05      1928.8      -273.0
         252       12.60   6.445E+10    2.35E+05      1929.9      -273.0
         253       12.65   6.448E+10    2.35E+05      1931.0      -273.0
         254       12.70   6.451E+10    2.35E+05      1932.1      -273.0
         255       12.75   6.455E+10    2.35E+05      1933.2      -273.0
         256       12.80   6.458E+10    2.35E+05      1934.3      -273.0
         257       12.85   6.461E+10    2.35E+05      1935.4      -273.0
         258       12.90   6.464E+10    2.35E+05      1936.5      -273.0
         259       12.95   6.467E+10    2.35E+05      1937.6      -273.0
         260       13.00   6.470E+10    2.35E+05      1938.7      -273.0
         261       13.05   6.473E+10    2.35E+05      1939.8      -273.0
         262       13.10   6.476E+10    2.35E+05      1940.9      -273.0
         263       13.15   6.479E+10    2.35E+05      1941.9      -273.0
         264       13.20   6.482E+10    2.35E+05      1943.0      -273.0
         265       13.25   6.485E+10    2.35E+05      1944.1      -273.0
         266       13.30   6.488E+10    2.35E+05      1945.1      -273.0
         267       13.35   6.491E+10    2.35E+05      1946.2      -273.0
         268       13.40   6.494E+10    2.35E+05      1947.2      -273.0
         269       13.45   6.496E+10    2.35E+05      1948.3      -273.0
         270       13.50   6.499E+10    2.35E+05      1949.4      -273.0
         271       13.55   6.502E+10    2.35E+05      1950.4      -273.0
         272       13.60   6.505E+10    2.35E+05      1951.5      -273.0
         273       13.65   6.507E+10    2.35E+05      1952.5      -273.0
         274       13.70   6.510E+10    2.35E+05      1953.5      -273.0
         275       13.75   6.512E+10    2.35E+05      1954.6      -273.0
         276       13.80   6.515E+10    2.35E+05      1955.6      -273.0
         277       13.85   6.518E+10    2.35E+05      1956.6      -273.0
         278       13.90   6.520E+10    2.35E+05      1957.7      -273.0
         279       13.95   6.523E+10    2.35E+05      1958.7      -273.0
         280       14.00   6.525E+10    2.35E+05      1959.7      -273.0
         281       14.05   6.528E+10    2.35E+05      1960.7      -273.0
         282       14.10   6.530E+10    2.35E+05      1961.8      -273.0
         283       14.15   6.532E+10    2.35E+05      1962.8      -273.0
         284       14.20   6.535E+10    2.35E+05      1963.8      -273.0
         285       14.25   6.537E+10    2.35E+05      1964.8      -273.0
         286       14.30   6.539E+10    2.35E+05      1965.8      -273.0
         287       14.35   6.542E+10    2.35E+05      1966.8      -273.0
         288       14.40   6.544E+10    2.35E+05      1967.8      -273.0
         289       14.45   6.546E+10    2.35E+05      1968.8      -273.0
         290       14.50   6.548E+10    2.35E+05      1969.8      -273.0
         291       14.55   6.551E+10    2.35E+05      1970.8      -273.0
         292       14.60   6.553E+10    2.35E+05      1971.8      -273.0
         293       14.65   6.555E+10    2.35E+05      1972.8      -273.0
         294       14.70   6.557E+10    2.35E+05      1973.8      -273.0
         295       14.75   6.559E+10    2.35E+05      1974.8      -273.0
         296       14.80   6.561E+10    2.35E+05      1975.7      -273.0
         297       14.85   6.563E+10    2.35E+05      1976.7      -273.0
         298       14.90   6.565E+10    2.35E+05      1977.7      -273.0
         299       14.95   6.567E+10    2.35E+05      1978.7      -273.0
         300       15.00   6.570E+10    2.35E+05      1979.6      -273.0
1


      ======   A l l   T i m e   H i g h                ======

               Maximum Heat Flux       (MaxFlux)      :   595000.00
               Maximum Temperature     (MaxTemp)      :     1979.64
               Minium  Temperature     (MinTemp)      :     -273.00



  ========    F A H T S    A N A L Y S I S    C O M P L E T E D    ========
